﻿<?xml version="1.0" encoding="utf-8"?>
<abapGit version="v1.0.0" serializer="LCL_OBJECT_IWSG" serializer_version="v1.0.0">
 <asx:abap xmlns:asx="http://www.sap.com/abapxml" version="1.0">
  <asx:values>
   <_-IWFND_-I_MED_SRH>
    <_-IWFND_-I_MED_SRH>
     <SRV_IDENTIFIER>ZAP_DP_REQUEST_API_SRV_0001</SRV_IDENTIFIER>
     <IS_ACTIVE>A</IS_ACTIVE>
     <OBJECT_NAME>ZAP_DP_REQUEST_API_SRV</OBJECT_NAME>
     <SERVICE_NAME>ZAP_DP_REQUEST_API_SRV</SERVICE_NAME>
     <SERVICE_VERSION>0001</SERVICE_VERSION>
     <IS_SAP_SERVICE>-</IS_SAP_SERVICE>
     <SOFT_STATE_STAT>N</SOFT_STATE_STAT>
    </_-IWFND_-I_MED_SRH>
   </_-IWFND_-I_MED_SRH>
   <_-IWFND_-I_MED_SRT>
    <_-IWFND_-I_MED_SRT>
     <SRV_IDENTIFIER>ZAP_DP_REQUEST_API_SRV_0001</SRV_IDENTIFIER>
     <IS_ACTIVE>A</IS_ACTIVE>
     <LANGUAGE>E</LANGUAGE>
     <DESCRIPTION>Down Payment Request API</DESCRIPTION>
    </_-IWFND_-I_MED_SRT>
   </_-IWFND_-I_MED_SRT>
  </asx:values>
 </asx:abap>
</abapGit>
