﻿<?xml version="1.0" encoding="utf-8"?>
<abapGit version="v1.0.0" serializer="LCL_OBJECT_IWPR" serializer_version="v1.0.0">
 <asx:abap xmlns:asx="http://www.sap.com/abapxml" version="1.0">
  <asx:values>
   <_-IWBEP_-I_SBD_DS>
    <_-IWBEP_-I_SBD_DS>
     <PROJECT>ZAP_DP_REQUEST_API</PROJECT>
     <NODE_UUID>i7a3ubu4Ht+S45qZcyvAOQ==</NODE_UUID>
     <PARENT_UUID>i7a3ubu4Ht+S45H8e/JANw==</PARENT_UUID>
     <NAME>ZFI_ST_DP_API_REQ</NAME>
     <DS_TYPE>5</DS_TYPE>
    </_-IWBEP_-I_SBD_DS>
    <_-IWBEP_-I_SBD_DS>
     <PROJECT>ZAP_DP_REQUEST_API</PROJECT>
     <NODE_UUID>i7a3ubu4Ht+S5Pa224YAUw==</NODE_UUID>
     <PARENT_UUID>i7a3ubu4Ht+S45H8e/JANw==</PARENT_UUID>
     <NAME>ZFI_ST_DP_API_RES</NAME>
     <DS_TYPE>5</DS_TYPE>
    </_-IWBEP_-I_SBD_DS>
   </_-IWBEP_-I_SBD_DS>
   <_-IWBEP_-I_SBD_DST>
    <_-IWBEP_-I_SBD_DST>
     <SYLANGU>E</SYLANGU>
     <PROJECT>ZAP_DP_REQUEST_API</PROJECT>
     <NODE_UUID>i7a3ubu4Ht+S45qZcyvAOQ==</NODE_UUID>
    </_-IWBEP_-I_SBD_DST>
    <_-IWBEP_-I_SBD_DST>
     <SYLANGU>E</SYLANGU>
     <PROJECT>ZAP_DP_REQUEST_API</PROJECT>
     <NODE_UUID>i7a3ubu4Ht+S5Pa224YAUw==</NODE_UUID>
    </_-IWBEP_-I_SBD_DST>
   </_-IWBEP_-I_SBD_DST>
   <_-IWBEP_-I_SBD_GA>
    <_-IWBEP_-I_SBD_GA>
     <PROJECT>ZAP_DP_REQUEST_API</PROJECT>
     <NODE_UUID>i7a3ubu4Ht+S5Q+5tOlAVA==</NODE_UUID>
     <CREATION_USER_ID>C.SAYEH</CREATION_USER_ID>
     <CREATION_TIME>20240726082433.442867</CREATION_TIME>
     <LAST_CHG_USER_ID>C.SAYEH</LAST_CHG_USER_ID>
     <LAST_CHG_TIME>20240728160042.115006</LAST_CHG_TIME>
     <NAME>ZCL_ZAP_DP_REQUEST_API_MPC</NAME>
     <PGMID>R3TR</PGMID>
     <TROBJ_TYPE>CLAS</TROBJ_TYPE>
     <TROBJ_NAME>ZCL_ZAP_DP_REQUEST_API_MPC</TROBJ_NAME>
     <GEN_ART_TYPE>MPCB</GEN_ART_TYPE>
    </_-IWBEP_-I_SBD_GA>
    <_-IWBEP_-I_SBD_GA>
     <PROJECT>ZAP_DP_REQUEST_API</PROJECT>
     <NODE_UUID>i7a3ubu4Ht+S5Q+5tOlgVA==</NODE_UUID>
     <CREATION_USER_ID>C.SAYEH</CREATION_USER_ID>
     <CREATION_TIME>20240726082433.44287</CREATION_TIME>
     <LAST_CHG_USER_ID>C.SAYEH</LAST_CHG_USER_ID>
     <LAST_CHG_TIME>20240728160042.115011</LAST_CHG_TIME>
     <NAME>ZCL_ZAP_DP_REQUEST_API_MPC_EXT</NAME>
     <PGMID>R3TR</PGMID>
     <TROBJ_TYPE>CLAS</TROBJ_TYPE>
     <TROBJ_NAME>ZCL_ZAP_DP_REQUEST_API_MPC_EXT</TROBJ_NAME>
     <GEN_ART_TYPE>MPCS</GEN_ART_TYPE>
    </_-IWBEP_-I_SBD_GA>
    <_-IWBEP_-I_SBD_GA>
     <PROJECT>ZAP_DP_REQUEST_API</PROJECT>
     <NODE_UUID>i7a3ubu4Ht+S5Q+5tOmAVA==</NODE_UUID>
     <CREATION_USER_ID>C.SAYEH</CREATION_USER_ID>
     <CREATION_TIME>20240726082435.327168</CREATION_TIME>
     <NAME>ZCL_ZAP_DP_REQUEST_API_DPC</NAME>
     <PGMID>R3TR</PGMID>
     <TROBJ_TYPE>CLAS</TROBJ_TYPE>
     <TROBJ_NAME>ZCL_ZAP_DP_REQUEST_API_DPC</TROBJ_NAME>
     <GEN_ART_TYPE>DPCB</GEN_ART_TYPE>
    </_-IWBEP_-I_SBD_GA>
    <_-IWBEP_-I_SBD_GA>
     <PROJECT>ZAP_DP_REQUEST_API</PROJECT>
     <NODE_UUID>i7a3ubu4Ht+S5Q+5tOmgVA==</NODE_UUID>
     <CREATION_USER_ID>C.SAYEH</CREATION_USER_ID>
     <CREATION_TIME>20240726082435.823264</CREATION_TIME>
     <NAME>ZCL_ZAP_DP_REQUEST_API_DPC_EXT</NAME>
     <PGMID>R3TR</PGMID>
     <TROBJ_TYPE>CLAS</TROBJ_TYPE>
     <TROBJ_NAME>ZCL_ZAP_DP_REQUEST_API_DPC_EXT</TROBJ_NAME>
     <GEN_ART_TYPE>DPCS</GEN_ART_TYPE>
    </_-IWBEP_-I_SBD_GA>
    <_-IWBEP_-I_SBD_GA>
     <PROJECT>ZAP_DP_REQUEST_API</PROJECT>
     <NODE_UUID>i7a3ubu4Ht+S5Q+5tOnAVA==</NODE_UUID>
     <CREATION_USER_ID>C.SAYEH</CREATION_USER_ID>
     <CREATION_TIME>20240726082436.43463</CREATION_TIME>
     <NAME>ZAP_DP_REQUEST_API_MDL</NAME>
     <PGMID>R3TR</PGMID>
     <TROBJ_TYPE>IWMO</TROBJ_TYPE>
     <TROBJ_NAME>ZAP_DP_REQUEST_API_MDL</TROBJ_NAME>
     <GEN_ART_TYPE>MDL</GEN_ART_TYPE>
    </_-IWBEP_-I_SBD_GA>
    <_-IWBEP_-I_SBD_GA>
     <PROJECT>ZAP_DP_REQUEST_API</PROJECT>
     <NODE_UUID>i7a3ubu4Ht+S5Q+5tOngVA==</NODE_UUID>
     <CREATION_USER_ID>C.SAYEH</CREATION_USER_ID>
     <CREATION_TIME>20240726082436.434633</CREATION_TIME>
     <NAME>ZAP_DP_REQUEST_API_SRV</NAME>
     <PGMID>R3TR</PGMID>
     <TROBJ_TYPE>IWSV</TROBJ_TYPE>
     <TROBJ_NAME>ZAP_DP_REQUEST_API_SRV</TROBJ_NAME>
     <GEN_ART_TYPE>SRV</GEN_ART_TYPE>
    </_-IWBEP_-I_SBD_GA>
   </_-IWBEP_-I_SBD_GA>
   <_-IWBEP_-I_SBD_GAT>
    <_-IWBEP_-I_SBD_GAT>
     <SYLANGU>E</SYLANGU>
     <PROJECT>ZAP_DP_REQUEST_API</PROJECT>
     <NODE_UUID>i7a3ubu4Ht+S5Q+5tOlAVA==</NODE_UUID>
    </_-IWBEP_-I_SBD_GAT>
    <_-IWBEP_-I_SBD_GAT>
     <SYLANGU>E</SYLANGU>
     <PROJECT>ZAP_DP_REQUEST_API</PROJECT>
     <NODE_UUID>i7a3ubu4Ht+S5Q+5tOlgVA==</NODE_UUID>
    </_-IWBEP_-I_SBD_GAT>
    <_-IWBEP_-I_SBD_GAT>
     <SYLANGU>E</SYLANGU>
     <PROJECT>ZAP_DP_REQUEST_API</PROJECT>
     <NODE_UUID>i7a3ubu4Ht+S5Q+5tOmAVA==</NODE_UUID>
    </_-IWBEP_-I_SBD_GAT>
    <_-IWBEP_-I_SBD_GAT>
     <SYLANGU>E</SYLANGU>
     <PROJECT>ZAP_DP_REQUEST_API</PROJECT>
     <NODE_UUID>i7a3ubu4Ht+S5Q+5tOmgVA==</NODE_UUID>
    </_-IWBEP_-I_SBD_GAT>
    <_-IWBEP_-I_SBD_GAT>
     <SYLANGU>E</SYLANGU>
     <PROJECT>ZAP_DP_REQUEST_API</PROJECT>
     <NODE_UUID>i7a3ubu4Ht+S5Q+5tOnAVA==</NODE_UUID>
    </_-IWBEP_-I_SBD_GAT>
    <_-IWBEP_-I_SBD_GAT>
     <SYLANGU>E</SYLANGU>
     <PROJECT>ZAP_DP_REQUEST_API</PROJECT>
     <NODE_UUID>i7a3ubu4Ht+S5Q+5tOngVA==</NODE_UUID>
    </_-IWBEP_-I_SBD_GAT>
   </_-IWBEP_-I_SBD_GAT>
   <_-IWBEP_-I_SBD_MD>
    <_-IWBEP_-I_SBD_MD>
     <PROJECT>ZAP_DP_REQUEST_API</PROJECT>
     <NODE_UUID>i7a3ubu4Ht+S45H8e/IgNw==</NODE_UUID>
     <NODE_UUID_PA>i7a3ubu4Ht+S45H8e/IANw==</NODE_UUID_PA>
     <PLUGIN_PA>/IWBEP/CORE</PLUGIN_PA>
     <NODE_TYPE_PA>PROJ</NODE_TYPE_PA>
     <TECHNICAL_NAME>ZAP_DP_REQUEST_API_MDL</TECHNICAL_NAME>
     <VERSION>0001</VERSION>
     <MPC>ZCL_ZAP_DP_REQUEST_API_MPC_EXT</MPC>
     <STATE_NS>S</STATE_NS>
     <VALUE_NS>ZAP_DP_REQUEST_API_SRV</VALUE_NS>
    </_-IWBEP_-I_SBD_MD>
   </_-IWBEP_-I_SBD_MD>
   <_-IWBEP_-I_SBD_MDT>
    <_-IWBEP_-I_SBD_MDT>
     <SYLANGU>E</SYLANGU>
     <PROJECT>ZAP_DP_REQUEST_API</PROJECT>
     <NODE_UUID>i7a3ubu4Ht+S45H8e/IgNw==</NODE_UUID>
    </_-IWBEP_-I_SBD_MDT>
   </_-IWBEP_-I_SBD_MDT>
   <_-IWBEP_-I_SBD_NOI>
    <_-IWBEP_-I_SBD_NOI>
     <PROJECT>ZAP_DP_REQUEST_API</PROJECT>
     <NODE_UUID>i7a3ubu4Ht+S45H8e/IANw==</NODE_UUID>
    </_-IWBEP_-I_SBD_NOI>
    <_-IWBEP_-I_SBD_NOI>
     <PROJECT>ZAP_DP_REQUEST_API</PROJECT>
     <NODE_UUID>i7a3ubu4Ht+S45H8e/IgNw==</NODE_UUID>
    </_-IWBEP_-I_SBD_NOI>
    <_-IWBEP_-I_SBD_NOI>
     <PROJECT>ZAP_DP_REQUEST_API</PROJECT>
     <NODE_UUID>i7a3ubu4Ht+S45H8e/JANw==</NODE_UUID>
    </_-IWBEP_-I_SBD_NOI>
    <_-IWBEP_-I_SBD_NOI>
     <PROJECT>ZAP_DP_REQUEST_API</PROJECT>
     <NODE_UUID>i7a3ubu4Ht+S45qZcyvAOQ==</NODE_UUID>
    </_-IWBEP_-I_SBD_NOI>
    <_-IWBEP_-I_SBD_NOI>
     <PROJECT>ZAP_DP_REQUEST_API</PROJECT>
     <NODE_UUID>i7a3ubu4Ht+S45+Y95KAOQ==</NODE_UUID>
     <TYPE>DASO</TYPE>
     <NAME>8BB6B7B9BBB81EDF92E39A99732BC039ZFI_ST_DP_API_REQ</NAME>
    </_-IWBEP_-I_SBD_NOI>
    <_-IWBEP_-I_SBD_NOI>
     <PROJECT>ZAP_DP_REQUEST_API</PROJECT>
     <NODE_UUID>i7a3ubu4Ht+S45+Y95KgOQ==</NODE_UUID>
     <TYPE>DASO</TYPE>
     <NAME>8BB6B7B9BBB81EDF92E39A99732BC039ZFI_ST_DP_API_REQ\ID</NAME>
    </_-IWBEP_-I_SBD_NOI>
    <_-IWBEP_-I_SBD_NOI>
     <PROJECT>ZAP_DP_REQUEST_API</PROJECT>
     <NODE_UUID>i7a3ubu4Ht+S45+Y95LAOQ==</NODE_UUID>
     <TYPE>DASO</TYPE>
     <NAME>8BB6B7B9BBB81EDF92E39A99732BC039ZFI_ST_DP_API_REQ\AMOUNT</NAME>
    </_-IWBEP_-I_SBD_NOI>
    <_-IWBEP_-I_SBD_NOI>
     <PROJECT>ZAP_DP_REQUEST_API</PROJECT>
     <NODE_UUID>i7a3ubu4Ht+S45+Y95LgOQ==</NODE_UUID>
     <TYPE>DASO</TYPE>
     <NAME>8BB6B7B9BBB81EDF92E39A99732BC039ZFI_ST_DP_API_REQ\CURRENCY</NAME>
    </_-IWBEP_-I_SBD_NOI>
    <_-IWBEP_-I_SBD_NOI>
     <PROJECT>ZAP_DP_REQUEST_API</PROJECT>
     <NODE_UUID>i7a3ubu4Ht+S45+Y95MAOQ==</NODE_UUID>
     <TYPE>DASO</TYPE>
     <NAME>8BB6B7B9BBB81EDF92E39A99732BC039ZFI_ST_DP_API_REQ\CUSTOMER_EMAIL</NAME>
    </_-IWBEP_-I_SBD_NOI>
    <_-IWBEP_-I_SBD_NOI>
     <PROJECT>ZAP_DP_REQUEST_API</PROJECT>
     <NODE_UUID>i7a3ubu4Ht+S45+Y95MgOQ==</NODE_UUID>
     <TYPE>DASO</TYPE>
     <NAME>8BB6B7B9BBB81EDF92E39A99732BC039ZFI_ST_DP_API_REQ\NARRATION</NAME>
    </_-IWBEP_-I_SBD_NOI>
    <_-IWBEP_-I_SBD_NOI>
     <PROJECT>ZAP_DP_REQUEST_API</PROJECT>
     <NODE_UUID>i7a3ubu4Ht+S45+Y95NAOQ==</NODE_UUID>
     <TYPE>DASO</TYPE>
     <NAME>8BB6B7B9BBB81EDF92E39A99732BC039ZFI_ST_DP_API_REQ\BANK_NAME</NAME>
    </_-IWBEP_-I_SBD_NOI>
    <_-IWBEP_-I_SBD_NOI>
     <PROJECT>ZAP_DP_REQUEST_API</PROJECT>
     <NODE_UUID>i7a3ubu4Ht+S45+Y95NgOQ==</NODE_UUID>
     <TYPE>DASO</TYPE>
     <NAME>8BB6B7B9BBB81EDF92E39A99732BC039ZFI_ST_DP_API_REQ\RECEIVER_ACCOUNT</NAME>
    </_-IWBEP_-I_SBD_NOI>
    <_-IWBEP_-I_SBD_NOI>
     <PROJECT>ZAP_DP_REQUEST_API</PROJECT>
     <NODE_UUID>i7a3ubu4Ht+S45+Y95OAOQ==</NODE_UUID>
     <TYPE>DASO</TYPE>
     <NAME>8BB6B7B9BBB81EDF92E39A99732BC039ZFI_ST_DP_API_REQ\CUSTOMER_CODE</NAME>
    </_-IWBEP_-I_SBD_NOI>
    <_-IWBEP_-I_SBD_NOI>
     <PROJECT>ZAP_DP_REQUEST_API</PROJECT>
     <NODE_UUID>i7a3ubu4Ht+S45+Y95OgOQ==</NODE_UUID>
     <TYPE>DASO</TYPE>
     <NAME>8BB6B7B9BBB81EDF92E39A99732BC039ZFI_ST_DP_API_REQ\TRANSACTION_REF</NAME>
    </_-IWBEP_-I_SBD_NOI>
    <_-IWBEP_-I_SBD_NOI>
     <PROJECT>ZAP_DP_REQUEST_API</PROJECT>
     <NODE_UUID>i7a3ubu4Ht+S45+Y95PAOQ==</NODE_UUID>
     <TYPE>DASO</TYPE>
     <NAME>8BB6B7B9BBB81EDF92E39A99732BC039ZFI_ST_DP_API_REQ\TRANSATION_DATE</NAME>
    </_-IWBEP_-I_SBD_NOI>
    <_-IWBEP_-I_SBD_NOI>
     <PROJECT>ZAP_DP_REQUEST_API</PROJECT>
     <NODE_UUID>i7a3ubu4Ht+S45+Y95PgOQ==</NODE_UUID>
    </_-IWBEP_-I_SBD_NOI>
    <_-IWBEP_-I_SBD_NOI>
     <PROJECT>ZAP_DP_REQUEST_API</PROJECT>
     <NODE_UUID>i7a3ubu4Ht+S45+Y95QAOQ==</NODE_UUID>
    </_-IWBEP_-I_SBD_NOI>
    <_-IWBEP_-I_SBD_NOI>
     <PROJECT>ZAP_DP_REQUEST_API</PROJECT>
     <NODE_UUID>i7a3ubu4Ht+S45+Y95QgOQ==</NODE_UUID>
    </_-IWBEP_-I_SBD_NOI>
    <_-IWBEP_-I_SBD_NOI>
     <PROJECT>ZAP_DP_REQUEST_API</PROJECT>
     <NODE_UUID>i7a3ubu4Ht+S45+Y95RAOQ==</NODE_UUID>
    </_-IWBEP_-I_SBD_NOI>
    <_-IWBEP_-I_SBD_NOI>
     <PROJECT>ZAP_DP_REQUEST_API</PROJECT>
     <NODE_UUID>i7a3ubu4Ht+S45+Y95RgOQ==</NODE_UUID>
    </_-IWBEP_-I_SBD_NOI>
    <_-IWBEP_-I_SBD_NOI>
     <PROJECT>ZAP_DP_REQUEST_API</PROJECT>
     <NODE_UUID>i7a3ubu4Ht+S45+Y95SAOQ==</NODE_UUID>
    </_-IWBEP_-I_SBD_NOI>
    <_-IWBEP_-I_SBD_NOI>
     <PROJECT>ZAP_DP_REQUEST_API</PROJECT>
     <NODE_UUID>i7a3ubu4Ht+S45+Y95SgOQ==</NODE_UUID>
    </_-IWBEP_-I_SBD_NOI>
    <_-IWBEP_-I_SBD_NOI>
     <PROJECT>ZAP_DP_REQUEST_API</PROJECT>
     <NODE_UUID>i7a3ubu4Ht+S5PAMTCdAUw==</NODE_UUID>
     <TYPE>DASO</TYPE>
     <NAME>8BB6B7B9BBB81EDF92E39A99732BC039ZFI_ST_DP_API_REQ\SAP_DOC_NO</NAME>
    </_-IWBEP_-I_SBD_NOI>
    <_-IWBEP_-I_SBD_NOI>
     <PROJECT>ZAP_DP_REQUEST_API</PROJECT>
     <NODE_UUID>i7a3ubu4Ht+S5PAMTCdgUw==</NODE_UUID>
     <TYPE>DASO</TYPE>
     <NAME>8BB6B7B9BBB81EDF92E39A99732BC039ZFI_ST_DP_API_REQ\SAP_COMPANY</NAME>
    </_-IWBEP_-I_SBD_NOI>
    <_-IWBEP_-I_SBD_NOI>
     <PROJECT>ZAP_DP_REQUEST_API</PROJECT>
     <NODE_UUID>i7a3ubu4Ht+S5PAMTCeAUw==</NODE_UUID>
     <TYPE>DASO</TYPE>
     <NAME>8BB6B7B9BBB81EDF92E39A99732BC039ZFI_ST_DP_API_REQ\SAP_FISC_YEAR</NAME>
    </_-IWBEP_-I_SBD_NOI>
    <_-IWBEP_-I_SBD_NOI>
     <PROJECT>ZAP_DP_REQUEST_API</PROJECT>
     <NODE_UUID>i7a3ubu4Ht+S5Pa224YAUw==</NODE_UUID>
    </_-IWBEP_-I_SBD_NOI>
    <_-IWBEP_-I_SBD_NOI>
     <PROJECT>ZAP_DP_REQUEST_API</PROJECT>
     <NODE_UUID>i7a3ubu4Ht+S5QFBqcbAVA==</NODE_UUID>
     <TYPE>DASO</TYPE>
     <NAME>8BB6B7B9BBB81EDF92E4F6B6DB860053ZFI_ST_DP_API_RES</NAME>
    </_-IWBEP_-I_SBD_NOI>
    <_-IWBEP_-I_SBD_NOI>
     <PROJECT>ZAP_DP_REQUEST_API</PROJECT>
     <NODE_UUID>i7a3ubu4Ht+S5QFBqcbgVA==</NODE_UUID>
     <TYPE>DASO</TYPE>
     <NAME>8BB6B7B9BBB81EDF92E4F6B6DB860053ZFI_ST_DP_API_RES\ID</NAME>
    </_-IWBEP_-I_SBD_NOI>
    <_-IWBEP_-I_SBD_NOI>
     <PROJECT>ZAP_DP_REQUEST_API</PROJECT>
     <NODE_UUID>i7a3ubu4Ht+S5QFBqccAVA==</NODE_UUID>
     <TYPE>DASO</TYPE>
     <NAME>8BB6B7B9BBB81EDF92E4F6B6DB860053ZFI_ST_DP_API_RES\TYPE</NAME>
    </_-IWBEP_-I_SBD_NOI>
    <_-IWBEP_-I_SBD_NOI>
     <PROJECT>ZAP_DP_REQUEST_API</PROJECT>
     <NODE_UUID>i7a3ubu4Ht+S5QFBqccgVA==</NODE_UUID>
     <TYPE>DASO</TYPE>
     <NAME>8BB6B7B9BBB81EDF92E4F6B6DB860053ZFI_ST_DP_API_RES\MSG_ID</NAME>
    </_-IWBEP_-I_SBD_NOI>
    <_-IWBEP_-I_SBD_NOI>
     <PROJECT>ZAP_DP_REQUEST_API</PROJECT>
     <NODE_UUID>i7a3ubu4Ht+S5QFBqcdAVA==</NODE_UUID>
     <TYPE>DASO</TYPE>
     <NAME>8BB6B7B9BBB81EDF92E4F6B6DB860053ZFI_ST_DP_API_RES\MSG_NO</NAME>
    </_-IWBEP_-I_SBD_NOI>
    <_-IWBEP_-I_SBD_NOI>
     <PROJECT>ZAP_DP_REQUEST_API</PROJECT>
     <NODE_UUID>i7a3ubu4Ht+S5QFBqcdgVA==</NODE_UUID>
     <TYPE>DASO</TYPE>
     <NAME>8BB6B7B9BBB81EDF92E4F6B6DB860053ZFI_ST_DP_API_RES\MESSAGE</NAME>
    </_-IWBEP_-I_SBD_NOI>
    <_-IWBEP_-I_SBD_NOI>
     <PROJECT>ZAP_DP_REQUEST_API</PROJECT>
     <NODE_UUID>i7a3ubu4Ht+S5QFBqceAVA==</NODE_UUID>
    </_-IWBEP_-I_SBD_NOI>
    <_-IWBEP_-I_SBD_NOI>
     <PROJECT>ZAP_DP_REQUEST_API</PROJECT>
     <NODE_UUID>i7a3ubu4Ht+S5QFBqcegVA==</NODE_UUID>
    </_-IWBEP_-I_SBD_NOI>
    <_-IWBEP_-I_SBD_NOI>
     <PROJECT>ZAP_DP_REQUEST_API</PROJECT>
     <NODE_UUID>i7a3ubu4Ht+S5QFBqcfAVA==</NODE_UUID>
    </_-IWBEP_-I_SBD_NOI>
    <_-IWBEP_-I_SBD_NOI>
     <PROJECT>ZAP_DP_REQUEST_API</PROJECT>
     <NODE_UUID>i7a3ubu4Ht+S5QFBqcfgVA==</NODE_UUID>
    </_-IWBEP_-I_SBD_NOI>
    <_-IWBEP_-I_SBD_NOI>
     <PROJECT>ZAP_DP_REQUEST_API</PROJECT>
     <NODE_UUID>i7a3ubu4Ht+S5QFBqcgAVA==</NODE_UUID>
    </_-IWBEP_-I_SBD_NOI>
    <_-IWBEP_-I_SBD_NOI>
     <PROJECT>ZAP_DP_REQUEST_API</PROJECT>
     <NODE_UUID>i7a3ubu4Ht+S5QFBqcggVA==</NODE_UUID>
    </_-IWBEP_-I_SBD_NOI>
    <_-IWBEP_-I_SBD_NOI>
     <PROJECT>ZAP_DP_REQUEST_API</PROJECT>
     <NODE_UUID>i7a3ubu4Ht+S5QFBqchAVA==</NODE_UUID>
    </_-IWBEP_-I_SBD_NOI>
    <_-IWBEP_-I_SBD_NOI>
     <PROJECT>ZAP_DP_REQUEST_API</PROJECT>
     <NODE_UUID>i7a3ubu4Ht+S5QwZhrHAVA==</NODE_UUID>
    </_-IWBEP_-I_SBD_NOI>
    <_-IWBEP_-I_SBD_NOI>
     <PROJECT>ZAP_DP_REQUEST_API</PROJECT>
     <NODE_UUID>i7a3ubu4Ht+S5QwZhrHgVA==</NODE_UUID>
    </_-IWBEP_-I_SBD_NOI>
    <_-IWBEP_-I_SBD_NOI>
     <PROJECT>ZAP_DP_REQUEST_API</PROJECT>
     <NODE_UUID>i7a3ubu4Ht+S5QwZhrIAVA==</NODE_UUID>
    </_-IWBEP_-I_SBD_NOI>
    <_-IWBEP_-I_SBD_NOI>
     <PROJECT>ZAP_DP_REQUEST_API</PROJECT>
     <NODE_UUID>i7a3ubu4Ht+S5Q1okm2AVA==</NODE_UUID>
    </_-IWBEP_-I_SBD_NOI>
    <_-IWBEP_-I_SBD_NOI>
     <PROJECT>ZAP_DP_REQUEST_API</PROJECT>
     <NODE_UUID>i7a3ubu4Ht+S5Q+5tOlAVA==</NODE_UUID>
    </_-IWBEP_-I_SBD_NOI>
    <_-IWBEP_-I_SBD_NOI>
     <PROJECT>ZAP_DP_REQUEST_API</PROJECT>
     <NODE_UUID>i7a3ubu4Ht+S5Q+5tOlgVA==</NODE_UUID>
    </_-IWBEP_-I_SBD_NOI>
    <_-IWBEP_-I_SBD_NOI>
     <PROJECT>ZAP_DP_REQUEST_API</PROJECT>
     <NODE_UUID>i7a3ubu4Ht+S5Q+5tOmAVA==</NODE_UUID>
    </_-IWBEP_-I_SBD_NOI>
    <_-IWBEP_-I_SBD_NOI>
     <PROJECT>ZAP_DP_REQUEST_API</PROJECT>
     <NODE_UUID>i7a3ubu4Ht+S5Q+5tOmgVA==</NODE_UUID>
    </_-IWBEP_-I_SBD_NOI>
    <_-IWBEP_-I_SBD_NOI>
     <PROJECT>ZAP_DP_REQUEST_API</PROJECT>
     <NODE_UUID>i7a3ubu4Ht+S5Q+5tOnAVA==</NODE_UUID>
    </_-IWBEP_-I_SBD_NOI>
    <_-IWBEP_-I_SBD_NOI>
     <PROJECT>ZAP_DP_REQUEST_API</PROJECT>
     <NODE_UUID>i7a3ubu4Ht+S5Q+5tOngVA==</NODE_UUID>
    </_-IWBEP_-I_SBD_NOI>
    <_-IWBEP_-I_SBD_NOI>
     <PROJECT>ZAP_DP_REQUEST_API</PROJECT>
     <NODE_UUID>i7a3ubu4Ht+Tn1CMUmQG7A==</NODE_UUID>
     <TYPE>DASO</TYPE>
     <NAME>8BB6B7B9BBB81EDF92E39A99732BC039ZFI_ST_DP_API_REQ\CONSUMER_KEY</NAME>
    </_-IWBEP_-I_SBD_NOI>
   </_-IWBEP_-I_SBD_NOI>
   <_-IWBEP_-I_SBD_OP>
    <_-IWBEP_-I_SBD_OP>
     <PROJECT>ZAP_DP_REQUEST_API</PROJECT>
     <NODE_UUID>i7a3ubu4Ht+S45+Y95QgOQ==</NODE_UUID>
     <PARENT_UUID>i7a3ubu4Ht+S45+Y95QAOQ==</PARENT_UUID>
     <NAME>Create</NAME>
     <OPERATION_TYPE>C</OPERATION_TYPE>
     <IMP_METHOD>DOWNPAYMENTSET_CREATE_ENTITY</IMP_METHOD>
    </_-IWBEP_-I_SBD_OP>
    <_-IWBEP_-I_SBD_OP>
     <PROJECT>ZAP_DP_REQUEST_API</PROJECT>
     <NODE_UUID>i7a3ubu4Ht+S45+Y95RAOQ==</NODE_UUID>
     <PARENT_UUID>i7a3ubu4Ht+S45+Y95QAOQ==</PARENT_UUID>
     <NAME>GetEntity (Read)</NAME>
     <OPERATION_TYPE>R</OPERATION_TYPE>
     <IMP_METHOD>DOWNPAYMENTSET_GET_ENTITY</IMP_METHOD>
    </_-IWBEP_-I_SBD_OP>
    <_-IWBEP_-I_SBD_OP>
     <PROJECT>ZAP_DP_REQUEST_API</PROJECT>
     <NODE_UUID>i7a3ubu4Ht+S45+Y95RgOQ==</NODE_UUID>
     <PARENT_UUID>i7a3ubu4Ht+S45+Y95QAOQ==</PARENT_UUID>
     <NAME>Update</NAME>
     <OPERATION_TYPE>U</OPERATION_TYPE>
     <IMP_METHOD>DOWNPAYMENTSET_UPDATE_ENTITY</IMP_METHOD>
    </_-IWBEP_-I_SBD_OP>
    <_-IWBEP_-I_SBD_OP>
     <PROJECT>ZAP_DP_REQUEST_API</PROJECT>
     <NODE_UUID>i7a3ubu4Ht+S45+Y95SAOQ==</NODE_UUID>
     <PARENT_UUID>i7a3ubu4Ht+S45+Y95QAOQ==</PARENT_UUID>
     <NAME>Delete</NAME>
     <OPERATION_TYPE>D</OPERATION_TYPE>
     <IMP_METHOD>DOWNPAYMENTSET_DELETE_ENTITY</IMP_METHOD>
    </_-IWBEP_-I_SBD_OP>
    <_-IWBEP_-I_SBD_OP>
     <PROJECT>ZAP_DP_REQUEST_API</PROJECT>
     <NODE_UUID>i7a3ubu4Ht+S45+Y95SgOQ==</NODE_UUID>
     <PARENT_UUID>i7a3ubu4Ht+S45+Y95QAOQ==</PARENT_UUID>
     <NAME>GetEntitySet (Query)</NAME>
     <OPERATION_TYPE>Q</OPERATION_TYPE>
     <IMP_METHOD>DOWNPAYMENTSET_GET_ENTITYSET</IMP_METHOD>
    </_-IWBEP_-I_SBD_OP>
    <_-IWBEP_-I_SBD_OP>
     <PROJECT>ZAP_DP_REQUEST_API</PROJECT>
     <NODE_UUID>i7a3ubu4Ht+S5QFBqcfAVA==</NODE_UUID>
     <PARENT_UUID>i7a3ubu4Ht+S5QFBqcegVA==</PARENT_UUID>
     <NAME>Create</NAME>
     <OPERATION_TYPE>C</OPERATION_TYPE>
     <IMP_METHOD>DOWNPAYMENTRETUR_CREATE_ENTITY</IMP_METHOD>
    </_-IWBEP_-I_SBD_OP>
    <_-IWBEP_-I_SBD_OP>
     <PROJECT>ZAP_DP_REQUEST_API</PROJECT>
     <NODE_UUID>i7a3ubu4Ht+S5QFBqcfgVA==</NODE_UUID>
     <PARENT_UUID>i7a3ubu4Ht+S5QFBqcegVA==</PARENT_UUID>
     <NAME>GetEntity (Read)</NAME>
     <OPERATION_TYPE>R</OPERATION_TYPE>
     <IMP_METHOD>DOWNPAYMENTRETUR_GET_ENTITY</IMP_METHOD>
    </_-IWBEP_-I_SBD_OP>
    <_-IWBEP_-I_SBD_OP>
     <PROJECT>ZAP_DP_REQUEST_API</PROJECT>
     <NODE_UUID>i7a3ubu4Ht+S5QFBqcgAVA==</NODE_UUID>
     <PARENT_UUID>i7a3ubu4Ht+S5QFBqcegVA==</PARENT_UUID>
     <NAME>Update</NAME>
     <OPERATION_TYPE>U</OPERATION_TYPE>
     <IMP_METHOD>DOWNPAYMENTRETUR_UPDATE_ENTITY</IMP_METHOD>
    </_-IWBEP_-I_SBD_OP>
    <_-IWBEP_-I_SBD_OP>
     <PROJECT>ZAP_DP_REQUEST_API</PROJECT>
     <NODE_UUID>i7a3ubu4Ht+S5QFBqcggVA==</NODE_UUID>
     <PARENT_UUID>i7a3ubu4Ht+S5QFBqcegVA==</PARENT_UUID>
     <NAME>Delete</NAME>
     <OPERATION_TYPE>D</OPERATION_TYPE>
     <IMP_METHOD>DOWNPAYMENTRETUR_DELETE_ENTITY</IMP_METHOD>
    </_-IWBEP_-I_SBD_OP>
    <_-IWBEP_-I_SBD_OP>
     <PROJECT>ZAP_DP_REQUEST_API</PROJECT>
     <NODE_UUID>i7a3ubu4Ht+S5QFBqchAVA==</NODE_UUID>
     <PARENT_UUID>i7a3ubu4Ht+S5QFBqcegVA==</PARENT_UUID>
     <NAME>GetEntitySet (Query)</NAME>
     <OPERATION_TYPE>Q</OPERATION_TYPE>
     <IMP_METHOD>DOWNPAYMENTRETUR_GET_ENTITYSET</IMP_METHOD>
    </_-IWBEP_-I_SBD_OP>
   </_-IWBEP_-I_SBD_OP>
   <_-IWBEP_-I_SBD_OPT>
    <_-IWBEP_-I_SBD_OPT>
     <SYLANGU>E</SYLANGU>
     <PROJECT>ZAP_DP_REQUEST_API</PROJECT>
     <NODE_UUID>i7a3ubu4Ht+S45+Y95QgOQ==</NODE_UUID>
    </_-IWBEP_-I_SBD_OPT>
    <_-IWBEP_-I_SBD_OPT>
     <SYLANGU>E</SYLANGU>
     <PROJECT>ZAP_DP_REQUEST_API</PROJECT>
     <NODE_UUID>i7a3ubu4Ht+S45+Y95RAOQ==</NODE_UUID>
    </_-IWBEP_-I_SBD_OPT>
    <_-IWBEP_-I_SBD_OPT>
     <SYLANGU>E</SYLANGU>
     <PROJECT>ZAP_DP_REQUEST_API</PROJECT>
     <NODE_UUID>i7a3ubu4Ht+S45+Y95RgOQ==</NODE_UUID>
    </_-IWBEP_-I_SBD_OPT>
    <_-IWBEP_-I_SBD_OPT>
     <SYLANGU>E</SYLANGU>
     <PROJECT>ZAP_DP_REQUEST_API</PROJECT>
     <NODE_UUID>i7a3ubu4Ht+S45+Y95SAOQ==</NODE_UUID>
    </_-IWBEP_-I_SBD_OPT>
    <_-IWBEP_-I_SBD_OPT>
     <SYLANGU>E</SYLANGU>
     <PROJECT>ZAP_DP_REQUEST_API</PROJECT>
     <NODE_UUID>i7a3ubu4Ht+S45+Y95SgOQ==</NODE_UUID>
    </_-IWBEP_-I_SBD_OPT>
    <_-IWBEP_-I_SBD_OPT>
     <SYLANGU>E</SYLANGU>
     <PROJECT>ZAP_DP_REQUEST_API</PROJECT>
     <NODE_UUID>i7a3ubu4Ht+S5QFBqcfAVA==</NODE_UUID>
    </_-IWBEP_-I_SBD_OPT>
    <_-IWBEP_-I_SBD_OPT>
     <SYLANGU>E</SYLANGU>
     <PROJECT>ZAP_DP_REQUEST_API</PROJECT>
     <NODE_UUID>i7a3ubu4Ht+S5QFBqcfgVA==</NODE_UUID>
    </_-IWBEP_-I_SBD_OPT>
    <_-IWBEP_-I_SBD_OPT>
     <SYLANGU>E</SYLANGU>
     <PROJECT>ZAP_DP_REQUEST_API</PROJECT>
     <NODE_UUID>i7a3ubu4Ht+S5QFBqcgAVA==</NODE_UUID>
    </_-IWBEP_-I_SBD_OPT>
    <_-IWBEP_-I_SBD_OPT>
     <SYLANGU>E</SYLANGU>
     <PROJECT>ZAP_DP_REQUEST_API</PROJECT>
     <NODE_UUID>i7a3ubu4Ht+S5QFBqcggVA==</NODE_UUID>
    </_-IWBEP_-I_SBD_OPT>
    <_-IWBEP_-I_SBD_OPT>
     <SYLANGU>E</SYLANGU>
     <PROJECT>ZAP_DP_REQUEST_API</PROJECT>
     <NODE_UUID>i7a3ubu4Ht+S5QFBqchAVA==</NODE_UUID>
    </_-IWBEP_-I_SBD_OPT>
   </_-IWBEP_-I_SBD_OPT>
   <_-IWBEP_-I_SBD_PR>
    <_-IWBEP_-I_SBD_PR>
     <PROJECT>ZAP_DP_REQUEST_API</PROJECT>
     <NODE_UUID>i7a3ubu4Ht+S45H8e/IANw==</NODE_UUID>
     <CREATION_USER_ID>C.SAYEH</CREATION_USER_ID>
     <CREATION_TIME>20240726065911.702052</CREATION_TIME>
     <LAST_CHG_USER_ID>C.SAYEH</LAST_CHG_USER_ID>
     <LAST_CHG_TIME>20240728160044.16331</LAST_CHG_TIME>
     <LAST_CHG_STATE>i7a3ubu4Ht+Tn1F3nSWG7A==</LAST_CHG_STATE>
     <PLUGIN>/IWBEP/GEN</PLUGIN>
     <STRAT_NAME>0001</STRAT_NAME>
     <STRAT_VERSION>0001</STRAT_VERSION>
     <PROJECT_TYPE>1</PROJECT_TYPE>
    </_-IWBEP_-I_SBD_PR>
   </_-IWBEP_-I_SBD_PR>
   <_-IWBEP_-I_SBD_PRT>
    <_-IWBEP_-I_SBD_PRT>
     <PROJECT>ZAP_DP_REQUEST_API</PROJECT>
     <SYLANGU>E</SYLANGU>
     <DESCRIPTION>Down Payment Request API</DESCRIPTION>
    </_-IWBEP_-I_SBD_PRT>
   </_-IWBEP_-I_SBD_PRT>
   <_-IWBEP_-I_SBD_SE>
    <_-IWBEP_-I_SBD_SE>
     <PROJECT>ZAP_DP_REQUEST_API</PROJECT>
     <NODE_UUID>i7a3ubu4Ht+S45+Y95QAOQ==</NODE_UUID>
     <PARENT_UUID>i7a3ubu4Ht+S45H8e/JANw==</PARENT_UUID>
     <NAME>DownPaymentSet</NAME>
     <ENTITY_SET_UUID>i7a3ubu4Ht+S45+Y95PgOQ==</ENTITY_SET_UUID>
    </_-IWBEP_-I_SBD_SE>
    <_-IWBEP_-I_SBD_SE>
     <PROJECT>ZAP_DP_REQUEST_API</PROJECT>
     <NODE_UUID>i7a3ubu4Ht+S5QFBqcegVA==</NODE_UUID>
     <PARENT_UUID>i7a3ubu4Ht+S45H8e/JANw==</PARENT_UUID>
     <NAME>DownPaymentReturnSet</NAME>
     <ENTITY_SET_UUID>i7a3ubu4Ht+S5QFBqceAVA==</ENTITY_SET_UUID>
    </_-IWBEP_-I_SBD_SE>
   </_-IWBEP_-I_SBD_SE>
   <_-IWBEP_-I_SBD_SET>
    <_-IWBEP_-I_SBD_SET>
     <SYLANGU>E</SYLANGU>
     <PROJECT>ZAP_DP_REQUEST_API</PROJECT>
     <NODE_UUID>i7a3ubu4Ht+S45+Y95QAOQ==</NODE_UUID>
    </_-IWBEP_-I_SBD_SET>
    <_-IWBEP_-I_SBD_SET>
     <SYLANGU>E</SYLANGU>
     <PROJECT>ZAP_DP_REQUEST_API</PROJECT>
     <NODE_UUID>i7a3ubu4Ht+S5QFBqcegVA==</NODE_UUID>
    </_-IWBEP_-I_SBD_SET>
   </_-IWBEP_-I_SBD_SET>
   <_-IWBEP_-I_SBD_SV>
    <_-IWBEP_-I_SBD_SV>
     <PROJECT>ZAP_DP_REQUEST_API</PROJECT>
     <NODE_UUID>i7a3ubu4Ht+S45H8e/JANw==</NODE_UUID>
     <TECHNICAL_NAME>ZAP_DP_REQUEST_API_SRV</TECHNICAL_NAME>
     <VERSION>0001</VERSION>
     <DPC>ZCL_ZAP_DP_REQUEST_API_DPC_EXT</DPC>
     <EXTERNAL_NAME>ZAP_DP_REQUEST_API_SRV</EXTERNAL_NAME>
    </_-IWBEP_-I_SBD_SV>
   </_-IWBEP_-I_SBD_SV>
   <_-IWBEP_-I_SBD_SVT>
    <_-IWBEP_-I_SBD_SVT>
     <SYLANGU>E</SYLANGU>
     <PROJECT>ZAP_DP_REQUEST_API</PROJECT>
     <NODE_UUID>i7a3ubu4Ht+S45H8e/JANw==</NODE_UUID>
    </_-IWBEP_-I_SBD_SVT>
   </_-IWBEP_-I_SBD_SVT>
   <_-IWBEP_-I_SBO_ASO>
    <_-IWBEP_-I_SBO_ASO>
     <PROJECT>ZAP_DP_REQUEST_API</PROJECT>
     <NODE_UUID>i7a3ubu4Ht+S5QwZhrHAVA==</NODE_UUID>
     <NAME>DownPaymentRequest</NAME>
     <MODEL_GUID>i7a3ubu4Ht+S45H8e/IgNw==</MODEL_GUID>
     <LEFT_END_GUID>i7a3ubu4Ht+S45+Y95KAOQ==</LEFT_END_GUID>
     <RIGHT_END_GUID>i7a3ubu4Ht+S5QFBqcbAVA==</RIGHT_END_GUID>
     <LEFT_END_CARD>1</LEFT_END_CARD>
     <RIGHT_END_CARD>N</RIGHT_END_CARD>
     <REF_TYPE>T</REF_TYPE>
     <TXTR_XU>X</TXTR_XU>
     <DESCRIPTION_XU>X</DESCRIPTION_XU>
     <ASSOC_LABEL_XU>X</ASSOC_LABEL_XU>
    </_-IWBEP_-I_SBO_ASO>
   </_-IWBEP_-I_SBO_ASO>
   <_-IWBEP_-I_SBO_AST>
    <_-IWBEP_-I_SBO_AST>
     <SYLANGU>E</SYLANGU>
     <PROJECT>ZAP_DP_REQUEST_API</PROJECT>
     <NODE_UUID>i7a3ubu4Ht+S5QwZhrHAVA==</NODE_UUID>
    </_-IWBEP_-I_SBO_AST>
   </_-IWBEP_-I_SBO_AST>
   <_-IWBEP_-I_SBO_AT>
    <_-IWBEP_-I_SBO_AT>
     <PROJECT>ZAP_DP_REQUEST_API</PROJECT>
     <NODE_UUID>i7a3ubu4Ht+S5Q1okm2AVA==</NODE_UUID>
     <NAME>DownPaymentRequestSet</NAME>
     <MODEL_GUID>i7a3ubu4Ht+S45H8e/IgNw==</MODEL_GUID>
     <LEFT_END_GUID>i7a3ubu4Ht+S45+Y95PgOQ==</LEFT_END_GUID>
     <RIGHT_END_GUID>i7a3ubu4Ht+S5QFBqceAVA==</RIGHT_END_GUID>
     <ASSOCIATION_GUID>i7a3ubu4Ht+S5QwZhrHAVA==</ASSOCIATION_GUID>
     <REF_TYPE>T</REF_TYPE>
     <TXTR_XU>X</TXTR_XU>
     <DESCRIPTION_XU>X</DESCRIPTION_XU>
     <ASST_LABEL_XU>X</ASST_LABEL_XU>
    </_-IWBEP_-I_SBO_AT>
   </_-IWBEP_-I_SBO_AT>
   <_-IWBEP_-I_SBO_ATT>
    <_-IWBEP_-I_SBO_ATT>
     <SYLANGU>E</SYLANGU>
     <PROJECT>ZAP_DP_REQUEST_API</PROJECT>
     <NODE_UUID>i7a3ubu4Ht+S5Q1okm2AVA==</NODE_UUID>
    </_-IWBEP_-I_SBO_ATT>
   </_-IWBEP_-I_SBO_ATT>
   <_-IWBEP_-I_SBO_ES>
    <_-IWBEP_-I_SBO_ES>
     <PROJECT>ZAP_DP_REQUEST_API</PROJECT>
     <NODE_UUID>i7a3ubu4Ht+S45+Y95PgOQ==</NODE_UUID>
     <MODEL>i7a3ubu4Ht+S45H8e/IgNw==</MODEL>
     <NAME>DownPaymentSet</NAME>
     <ENTITY_TYPE>i7a3ubu4Ht+S45+Y95KAOQ==</ENTITY_TYPE>
     <ADDRESSABLE>X</ADDRESSABLE>
     <REF_TYPE>T</REF_TYPE>
     <TECH_NAME>DownPaymentSet</TECH_NAME>
     <CREATABLE_XU>X</CREATABLE_XU>
     <UPDATABLE_XU>X</UPDATABLE_XU>
     <DELETABLE_XU>X</DELETABLE_XU>
     <PAGEABLE_XU>X</PAGEABLE_XU>
     <SEARCHABLE_XU>X</SEARCHABLE_XU>
     <SUBSCRIBABLE_XU>X</SUBSCRIBABLE_XU>
     <REQUIRES_FLT_XU>X</REQUIRES_FLT_XU>
     <SEMANTIC_XU>X</SEMANTIC_XU>
     <LABEL_REF_XU>X</LABEL_REF_XU>
     <DESCRIPTION_XU>X</DESCRIPTION_XU>
     <ESET_LABEL_XU>X</ESET_LABEL_XU>
    </_-IWBEP_-I_SBO_ES>
    <_-IWBEP_-I_SBO_ES>
     <PROJECT>ZAP_DP_REQUEST_API</PROJECT>
     <NODE_UUID>i7a3ubu4Ht+S5QFBqceAVA==</NODE_UUID>
     <MODEL>i7a3ubu4Ht+S45H8e/IgNw==</MODEL>
     <NAME>DownPaymentReturnSet</NAME>
     <ENTITY_TYPE>i7a3ubu4Ht+S5QFBqcbAVA==</ENTITY_TYPE>
     <ADDRESSABLE>X</ADDRESSABLE>
     <REF_TYPE>T</REF_TYPE>
     <TECH_NAME>DownPaymentReturnSet</TECH_NAME>
     <CREATABLE_XU>X</CREATABLE_XU>
     <UPDATABLE_XU>X</UPDATABLE_XU>
     <DELETABLE_XU>X</DELETABLE_XU>
     <PAGEABLE_XU>X</PAGEABLE_XU>
     <SEARCHABLE_XU>X</SEARCHABLE_XU>
     <SUBSCRIBABLE_XU>X</SUBSCRIBABLE_XU>
     <REQUIRES_FLT_XU>X</REQUIRES_FLT_XU>
     <SEMANTIC_XU>X</SEMANTIC_XU>
     <LABEL_REF_XU>X</LABEL_REF_XU>
     <DESCRIPTION_XU>X</DESCRIPTION_XU>
     <ESET_LABEL_XU>X</ESET_LABEL_XU>
    </_-IWBEP_-I_SBO_ES>
   </_-IWBEP_-I_SBO_ES>
   <_-IWBEP_-I_SBO_EST>
    <_-IWBEP_-I_SBO_EST>
     <SYLANGU>E</SYLANGU>
     <PROJECT>ZAP_DP_REQUEST_API</PROJECT>
     <NODE_UUID>i7a3ubu4Ht+S45+Y95PgOQ==</NODE_UUID>
    </_-IWBEP_-I_SBO_EST>
    <_-IWBEP_-I_SBO_EST>
     <SYLANGU>E</SYLANGU>
     <PROJECT>ZAP_DP_REQUEST_API</PROJECT>
     <NODE_UUID>i7a3ubu4Ht+S5QFBqceAVA==</NODE_UUID>
    </_-IWBEP_-I_SBO_EST>
   </_-IWBEP_-I_SBO_EST>
   <_-IWBEP_-I_SBO_ET>
    <_-IWBEP_-I_SBO_ET>
     <PROJECT>ZAP_DP_REQUEST_API</PROJECT>
     <NODE_UUID>i7a3ubu4Ht+S45+Y95KAOQ==</NODE_UUID>
     <NAME>DownPayment</NAME>
     <MODEL>i7a3ubu4Ht+S45H8e/IgNw==</MODEL>
     <REF_TYPE>T</REF_TYPE>
     <ABAP_STRUCT>ZFI_ST_DP_API_REQ</ABAP_STRUCT>
     <TECH_NAME>DownPayment</TECH_NAME>
     <BASE_TYPE_XU>X</BASE_TYPE_XU>
     <FC_TARGET_PATHXU>X</FC_TARGET_PATHXU>
     <TXTR_XU>X</TXTR_XU>
     <DESCRIPTION_XU>X</DESCRIPTION_XU>
     <ET_LABEL_XU>X</ET_LABEL_XU>
    </_-IWBEP_-I_SBO_ET>
    <_-IWBEP_-I_SBO_ET>
     <PROJECT>ZAP_DP_REQUEST_API</PROJECT>
     <NODE_UUID>i7a3ubu4Ht+S5QFBqcbAVA==</NODE_UUID>
     <NAME>DownPaymentReturn</NAME>
     <MODEL>i7a3ubu4Ht+S45H8e/IgNw==</MODEL>
     <REF_TYPE>T</REF_TYPE>
     <ABAP_STRUCT>ZFI_ST_DP_API_RES</ABAP_STRUCT>
     <TECH_NAME>DownPaymentReturn</TECH_NAME>
     <BASE_TYPE_XU>X</BASE_TYPE_XU>
     <FC_TARGET_PATHXU>X</FC_TARGET_PATHXU>
     <TXTR_XU>X</TXTR_XU>
     <DESCRIPTION_XU>X</DESCRIPTION_XU>
     <ET_LABEL_XU>X</ET_LABEL_XU>
    </_-IWBEP_-I_SBO_ET>
   </_-IWBEP_-I_SBO_ET>
   <_-IWBEP_-I_SBO_ETT>
    <_-IWBEP_-I_SBO_ETT>
     <SYLANGU>E</SYLANGU>
     <PROJECT>ZAP_DP_REQUEST_API</PROJECT>
     <NODE_UUID>i7a3ubu4Ht+S45+Y95KAOQ==</NODE_UUID>
    </_-IWBEP_-I_SBO_ETT>
    <_-IWBEP_-I_SBO_ETT>
     <SYLANGU>E</SYLANGU>
     <PROJECT>ZAP_DP_REQUEST_API</PROJECT>
     <NODE_UUID>i7a3ubu4Ht+S5QFBqcbAVA==</NODE_UUID>
    </_-IWBEP_-I_SBO_ETT>
   </_-IWBEP_-I_SBO_ETT>
   <_-IWBEP_-I_SBO_NP>
    <_-IWBEP_-I_SBO_NP>
     <PROJECT>ZAP_DP_REQUEST_API</PROJECT>
     <NODE_UUID>i7a3ubu4Ht+S5QwZhrHgVA==</NODE_UUID>
     <NAME>DownPaymentReturnSet</NAME>
     <RELATION_GUID>i7a3ubu4Ht+S5QwZhrHAVA==</RELATION_GUID>
     <ENTITY_GUID>i7a3ubu4Ht+S45+Y95KAOQ==</ENTITY_GUID>
     <REF_TYPE>T</REF_TYPE>
     <TECH_NAME>DOWNPAYMENTRETURNSET</TECH_NAME>
     <FROM_ROLE_XU>X</FROM_ROLE_XU>
     <TO_ROLE_XU>X</TO_ROLE_XU>
     <TXTR_XU>X</TXTR_XU>
     <DESCRIPTION_XU>X</DESCRIPTION_XU>
     <NAVP_LABEL_XU>X</NAVP_LABEL_XU>
    </_-IWBEP_-I_SBO_NP>
   </_-IWBEP_-I_SBO_NP>
   <_-IWBEP_-I_SBO_NPT>
    <_-IWBEP_-I_SBO_NPT>
     <SYLANGU>E</SYLANGU>
     <PROJECT>ZAP_DP_REQUEST_API</PROJECT>
     <NODE_UUID>i7a3ubu4Ht+S5QwZhrHgVA==</NODE_UUID>
    </_-IWBEP_-I_SBO_NPT>
   </_-IWBEP_-I_SBO_NPT>
   <_-IWBEP_-I_SBO_PR>
    <_-IWBEP_-I_SBO_PR>
     <PROJECT>ZAP_DP_REQUEST_API</PROJECT>
     <NODE_UUID>i7a3ubu4Ht+S45+Y95KgOQ==</NODE_UUID>
     <PARENT_UUID>i7a3ubu4Ht+S45+Y95KAOQ==</PARENT_UUID>
     <NAME>Id</NAME>
     <IS_KEY>X</IS_KEY>
     <MAX_LENGTH>40</MAX_LENGTH>
     <EDM_CORE_TYPE>Edm.String</EDM_CORE_TYPE>
     <REF_TYPE>T</REF_TYPE>
     <ABAP_FIELD>ID</ABAP_FIELD>
     <ABTY_XU>X</ABTY_XU>
     <SORT_ORDER>1</SORT_ORDER>
     <DESCRIPTION_XU>X</DESCRIPTION_XU>
    </_-IWBEP_-I_SBO_PR>
    <_-IWBEP_-I_SBO_PR>
     <PROJECT>ZAP_DP_REQUEST_API</PROJECT>
     <NODE_UUID>i7a3ubu4Ht+S45+Y95LAOQ==</NODE_UUID>
     <PARENT_UUID>i7a3ubu4Ht+S45+Y95KAOQ==</PARENT_UUID>
     <NAME>Amount</NAME>
     <PROP_PRECISION>14</PROP_PRECISION>
     <SCALE>3</SCALE>
     <EDM_CORE_TYPE>Edm.Decimal</EDM_CORE_TYPE>
     <REF_TYPE>T</REF_TYPE>
     <ABAP_FIELD>AMOUNT</ABAP_FIELD>
     <AS_ETAG_XU>X</AS_ETAG_XU>
     <REQUIREFILTER_XU>X</REQUIREFILTER_XU>
     <UNIT_PROP_XU>X</UNIT_PROP_XU>
     <ABTY_XU>X</ABTY_XU>
     <SORT_ORDER>3</SORT_ORDER>
     <DESCRIPTION_XU>X</DESCRIPTION_XU>
    </_-IWBEP_-I_SBO_PR>
    <_-IWBEP_-I_SBO_PR>
     <PROJECT>ZAP_DP_REQUEST_API</PROJECT>
     <NODE_UUID>i7a3ubu4Ht+S45+Y95LgOQ==</NODE_UUID>
     <PARENT_UUID>i7a3ubu4Ht+S45+Y95KAOQ==</PARENT_UUID>
     <NAME>Currency</NAME>
     <MAX_LENGTH>5</MAX_LENGTH>
     <EDM_CORE_TYPE>Edm.String</EDM_CORE_TYPE>
     <REF_TYPE>T</REF_TYPE>
     <ABAP_FIELD>CURRENCY</ABAP_FIELD>
     <AS_ETAG_XU>X</AS_ETAG_XU>
     <REQUIREFILTER_XU>X</REQUIREFILTER_XU>
     <UNIT_PROP_XU>X</UNIT_PROP_XU>
     <ABTY_XU>X</ABTY_XU>
     <SORT_ORDER>5</SORT_ORDER>
     <DESCRIPTION_XU>X</DESCRIPTION_XU>
    </_-IWBEP_-I_SBO_PR>
    <_-IWBEP_-I_SBO_PR>
     <PROJECT>ZAP_DP_REQUEST_API</PROJECT>
     <NODE_UUID>i7a3ubu4Ht+S45+Y95MAOQ==</NODE_UUID>
     <PARENT_UUID>i7a3ubu4Ht+S45+Y95KAOQ==</PARENT_UUID>
     <NAME>CustomerEmail</NAME>
     <EDM_CORE_TYPE>Edm.String</EDM_CORE_TYPE>
     <REF_TYPE>T</REF_TYPE>
     <ABAP_FIELD>CUSTOMER_EMAIL</ABAP_FIELD>
     <AS_ETAG_XU>X</AS_ETAG_XU>
     <REQUIREFILTER_XU>X</REQUIREFILTER_XU>
     <UNIT_PROP_XU>X</UNIT_PROP_XU>
     <ABTY_XU>X</ABTY_XU>
     <SORT_ORDER>7</SORT_ORDER>
     <DESCRIPTION_XU>X</DESCRIPTION_XU>
    </_-IWBEP_-I_SBO_PR>
    <_-IWBEP_-I_SBO_PR>
     <PROJECT>ZAP_DP_REQUEST_API</PROJECT>
     <NODE_UUID>i7a3ubu4Ht+S45+Y95MgOQ==</NODE_UUID>
     <PARENT_UUID>i7a3ubu4Ht+S45+Y95KAOQ==</PARENT_UUID>
     <NAME>Narration</NAME>
     <EDM_CORE_TYPE>Edm.String</EDM_CORE_TYPE>
     <REF_TYPE>T</REF_TYPE>
     <ABAP_FIELD>NARRATION</ABAP_FIELD>
     <AS_ETAG_XU>X</AS_ETAG_XU>
     <REQUIREFILTER_XU>X</REQUIREFILTER_XU>
     <UNIT_PROP_XU>X</UNIT_PROP_XU>
     <ABTY_XU>X</ABTY_XU>
     <SORT_ORDER>8</SORT_ORDER>
     <DESCRIPTION_XU>X</DESCRIPTION_XU>
    </_-IWBEP_-I_SBO_PR>
    <_-IWBEP_-I_SBO_PR>
     <PROJECT>ZAP_DP_REQUEST_API</PROJECT>
     <NODE_UUID>i7a3ubu4Ht+S45+Y95NAOQ==</NODE_UUID>
     <PARENT_UUID>i7a3ubu4Ht+S45+Y95KAOQ==</PARENT_UUID>
     <NAME>BankName</NAME>
     <EDM_CORE_TYPE>Edm.String</EDM_CORE_TYPE>
     <REF_TYPE>T</REF_TYPE>
     <ABAP_FIELD>BANK_NAME</ABAP_FIELD>
     <AS_ETAG_XU>X</AS_ETAG_XU>
     <REQUIREFILTER_XU>X</REQUIREFILTER_XU>
     <UNIT_PROP_XU>X</UNIT_PROP_XU>
     <ABTY_XU>X</ABTY_XU>
     <SORT_ORDER>9</SORT_ORDER>
     <DESCRIPTION_XU>X</DESCRIPTION_XU>
    </_-IWBEP_-I_SBO_PR>
    <_-IWBEP_-I_SBO_PR>
     <PROJECT>ZAP_DP_REQUEST_API</PROJECT>
     <NODE_UUID>i7a3ubu4Ht+S45+Y95NgOQ==</NODE_UUID>
     <PARENT_UUID>i7a3ubu4Ht+S45+Y95KAOQ==</PARENT_UUID>
     <NAME>ReceiverAccount</NAME>
     <EDM_CORE_TYPE>Edm.String</EDM_CORE_TYPE>
     <REF_TYPE>T</REF_TYPE>
     <ABAP_FIELD>RECEIVER_ACCOUNT</ABAP_FIELD>
     <AS_ETAG_XU>X</AS_ETAG_XU>
     <REQUIREFILTER_XU>X</REQUIREFILTER_XU>
     <UNIT_PROP_XU>X</UNIT_PROP_XU>
     <ABTY_XU>X</ABTY_XU>
     <SORT_ORDER>10</SORT_ORDER>
     <DESCRIPTION_XU>X</DESCRIPTION_XU>
    </_-IWBEP_-I_SBO_PR>
    <_-IWBEP_-I_SBO_PR>
     <PROJECT>ZAP_DP_REQUEST_API</PROJECT>
     <NODE_UUID>i7a3ubu4Ht+S45+Y95OAOQ==</NODE_UUID>
     <PARENT_UUID>i7a3ubu4Ht+S45+Y95KAOQ==</PARENT_UUID>
     <NAME>CustomerCode</NAME>
     <EDM_CORE_TYPE>Edm.String</EDM_CORE_TYPE>
     <REF_TYPE>T</REF_TYPE>
     <ABAP_FIELD>CUSTOMER_CODE</ABAP_FIELD>
     <AS_ETAG_XU>X</AS_ETAG_XU>
     <REQUIREFILTER_XU>X</REQUIREFILTER_XU>
     <UNIT_PROP_XU>X</UNIT_PROP_XU>
     <ABTY_XU>X</ABTY_XU>
     <SORT_ORDER>11</SORT_ORDER>
     <DESCRIPTION_XU>X</DESCRIPTION_XU>
    </_-IWBEP_-I_SBO_PR>
    <_-IWBEP_-I_SBO_PR>
     <PROJECT>ZAP_DP_REQUEST_API</PROJECT>
     <NODE_UUID>i7a3ubu4Ht+S45+Y95OgOQ==</NODE_UUID>
     <PARENT_UUID>i7a3ubu4Ht+S45+Y95KAOQ==</PARENT_UUID>
     <NAME>TransactionRef</NAME>
     <EDM_CORE_TYPE>Edm.String</EDM_CORE_TYPE>
     <REF_TYPE>T</REF_TYPE>
     <ABAP_FIELD>TRANSACTION_REF</ABAP_FIELD>
     <AS_ETAG_XU>X</AS_ETAG_XU>
     <REQUIREFILTER_XU>X</REQUIREFILTER_XU>
     <UNIT_PROP_XU>X</UNIT_PROP_XU>
     <ABTY_XU>X</ABTY_XU>
     <SORT_ORDER>12</SORT_ORDER>
     <DESCRIPTION_XU>X</DESCRIPTION_XU>
    </_-IWBEP_-I_SBO_PR>
    <_-IWBEP_-I_SBO_PR>
     <PROJECT>ZAP_DP_REQUEST_API</PROJECT>
     <NODE_UUID>i7a3ubu4Ht+S45+Y95PAOQ==</NODE_UUID>
     <PARENT_UUID>i7a3ubu4Ht+S45+Y95KAOQ==</PARENT_UUID>
     <NAME>TransationDate</NAME>
     <EDM_CORE_TYPE>Edm.DateTime</EDM_CORE_TYPE>
     <REF_TYPE>T</REF_TYPE>
     <ABAP_FIELD>TRANSATION_DATE</ABAP_FIELD>
     <AS_ETAG_XU>X</AS_ETAG_XU>
     <REQUIREFILTER_XU>X</REQUIREFILTER_XU>
     <UNIT_PROP_XU>X</UNIT_PROP_XU>
     <ABTY_XU>X</ABTY_XU>
     <SORT_ORDER>13</SORT_ORDER>
     <DESCRIPTION_XU>X</DESCRIPTION_XU>
    </_-IWBEP_-I_SBO_PR>
    <_-IWBEP_-I_SBO_PR>
     <PROJECT>ZAP_DP_REQUEST_API</PROJECT>
     <NODE_UUID>i7a3ubu4Ht+S5PAMTCdAUw==</NODE_UUID>
     <PARENT_UUID>i7a3ubu4Ht+S45+Y95KAOQ==</PARENT_UUID>
     <NAME>SapDocNo</NAME>
     <MAX_LENGTH>10</MAX_LENGTH>
     <EDM_CORE_TYPE>Edm.String</EDM_CORE_TYPE>
     <REF_TYPE>T</REF_TYPE>
     <ABAP_FIELD>SAP_DOC_NO</ABAP_FIELD>
     <AS_ETAG_XU>X</AS_ETAG_XU>
     <REQUIREFILTER_XU>X</REQUIREFILTER_XU>
     <UNIT_PROP_XU>X</UNIT_PROP_XU>
     <ABTY_XU>X</ABTY_XU>
     <SORT_ORDER>2</SORT_ORDER>
     <DESCRIPTION_XU>X</DESCRIPTION_XU>
    </_-IWBEP_-I_SBO_PR>
    <_-IWBEP_-I_SBO_PR>
     <PROJECT>ZAP_DP_REQUEST_API</PROJECT>
     <NODE_UUID>i7a3ubu4Ht+S5PAMTCdgUw==</NODE_UUID>
     <PARENT_UUID>i7a3ubu4Ht+S45+Y95KAOQ==</PARENT_UUID>
     <NAME>SapCompany</NAME>
     <MAX_LENGTH>4</MAX_LENGTH>
     <EDM_CORE_TYPE>Edm.String</EDM_CORE_TYPE>
     <REF_TYPE>T</REF_TYPE>
     <ABAP_FIELD>SAP_COMPANY</ABAP_FIELD>
     <AS_ETAG_XU>X</AS_ETAG_XU>
     <REQUIREFILTER_XU>X</REQUIREFILTER_XU>
     <UNIT_PROP_XU>X</UNIT_PROP_XU>
     <ABTY_XU>X</ABTY_XU>
     <SORT_ORDER>4</SORT_ORDER>
     <DESCRIPTION_XU>X</DESCRIPTION_XU>
    </_-IWBEP_-I_SBO_PR>
    <_-IWBEP_-I_SBO_PR>
     <PROJECT>ZAP_DP_REQUEST_API</PROJECT>
     <NODE_UUID>i7a3ubu4Ht+S5PAMTCeAUw==</NODE_UUID>
     <PARENT_UUID>i7a3ubu4Ht+S45+Y95KAOQ==</PARENT_UUID>
     <NAME>SapFiscYear</NAME>
     <MAX_LENGTH>4</MAX_LENGTH>
     <EDM_CORE_TYPE>Edm.String</EDM_CORE_TYPE>
     <REF_TYPE>T</REF_TYPE>
     <ABAP_FIELD>SAP_FISC_YEAR</ABAP_FIELD>
     <AS_ETAG_XU>X</AS_ETAG_XU>
     <REQUIREFILTER_XU>X</REQUIREFILTER_XU>
     <UNIT_PROP_XU>X</UNIT_PROP_XU>
     <ABTY_XU>X</ABTY_XU>
     <SORT_ORDER>6</SORT_ORDER>
     <DESCRIPTION_XU>X</DESCRIPTION_XU>
    </_-IWBEP_-I_SBO_PR>
    <_-IWBEP_-I_SBO_PR>
     <PROJECT>ZAP_DP_REQUEST_API</PROJECT>
     <NODE_UUID>i7a3ubu4Ht+S5QFBqcbgVA==</NODE_UUID>
     <PARENT_UUID>i7a3ubu4Ht+S5QFBqcbAVA==</PARENT_UUID>
     <NAME>Id</NAME>
     <IS_KEY>X</IS_KEY>
     <MAX_LENGTH>40</MAX_LENGTH>
     <EDM_CORE_TYPE>Edm.String</EDM_CORE_TYPE>
     <REF_TYPE>T</REF_TYPE>
     <ABAP_FIELD>ID</ABAP_FIELD>
     <AS_ETAG_XU>X</AS_ETAG_XU>
     <REQUIREFILTER_XU>X</REQUIREFILTER_XU>
     <UNIT_PROP_XU>X</UNIT_PROP_XU>
     <ABTY_XU>X</ABTY_XU>
     <SORT_ORDER>1</SORT_ORDER>
     <DESCRIPTION_XU>X</DESCRIPTION_XU>
    </_-IWBEP_-I_SBO_PR>
    <_-IWBEP_-I_SBO_PR>
     <PROJECT>ZAP_DP_REQUEST_API</PROJECT>
     <NODE_UUID>i7a3ubu4Ht+S5QFBqccAVA==</NODE_UUID>
     <PARENT_UUID>i7a3ubu4Ht+S5QFBqcbAVA==</PARENT_UUID>
     <NAME>Type</NAME>
     <MAX_LENGTH>1</MAX_LENGTH>
     <EDM_CORE_TYPE>Edm.String</EDM_CORE_TYPE>
     <REF_TYPE>T</REF_TYPE>
     <ABAP_FIELD>TYPE</ABAP_FIELD>
     <AS_ETAG_XU>X</AS_ETAG_XU>
     <REQUIREFILTER_XU>X</REQUIREFILTER_XU>
     <UNIT_PROP_XU>X</UNIT_PROP_XU>
     <ABTY_XU>X</ABTY_XU>
     <SORT_ORDER>2</SORT_ORDER>
     <DESCRIPTION_XU>X</DESCRIPTION_XU>
    </_-IWBEP_-I_SBO_PR>
    <_-IWBEP_-I_SBO_PR>
     <PROJECT>ZAP_DP_REQUEST_API</PROJECT>
     <NODE_UUID>i7a3ubu4Ht+S5QFBqccgVA==</NODE_UUID>
     <PARENT_UUID>i7a3ubu4Ht+S5QFBqcbAVA==</PARENT_UUID>
     <NAME>MsgId</NAME>
     <MAX_LENGTH>20</MAX_LENGTH>
     <EDM_CORE_TYPE>Edm.String</EDM_CORE_TYPE>
     <REF_TYPE>T</REF_TYPE>
     <ABAP_FIELD>MSG_ID</ABAP_FIELD>
     <AS_ETAG_XU>X</AS_ETAG_XU>
     <REQUIREFILTER_XU>X</REQUIREFILTER_XU>
     <UNIT_PROP_XU>X</UNIT_PROP_XU>
     <ABTY_XU>X</ABTY_XU>
     <SORT_ORDER>3</SORT_ORDER>
     <DESCRIPTION_XU>X</DESCRIPTION_XU>
    </_-IWBEP_-I_SBO_PR>
    <_-IWBEP_-I_SBO_PR>
     <PROJECT>ZAP_DP_REQUEST_API</PROJECT>
     <NODE_UUID>i7a3ubu4Ht+S5QFBqcdAVA==</NODE_UUID>
     <PARENT_UUID>i7a3ubu4Ht+S5QFBqcbAVA==</PARENT_UUID>
     <NAME>MsgNo</NAME>
     <MAX_LENGTH>3</MAX_LENGTH>
     <EDM_CORE_TYPE>Edm.String</EDM_CORE_TYPE>
     <REF_TYPE>T</REF_TYPE>
     <ABAP_FIELD>MSG_NO</ABAP_FIELD>
     <AS_ETAG_XU>X</AS_ETAG_XU>
     <REQUIREFILTER_XU>X</REQUIREFILTER_XU>
     <UNIT_PROP_XU>X</UNIT_PROP_XU>
     <ABTY_XU>X</ABTY_XU>
     <SORT_ORDER>4</SORT_ORDER>
     <DESCRIPTION_XU>X</DESCRIPTION_XU>
    </_-IWBEP_-I_SBO_PR>
    <_-IWBEP_-I_SBO_PR>
     <PROJECT>ZAP_DP_REQUEST_API</PROJECT>
     <NODE_UUID>i7a3ubu4Ht+S5QFBqcdgVA==</NODE_UUID>
     <PARENT_UUID>i7a3ubu4Ht+S5QFBqcbAVA==</PARENT_UUID>
     <NAME>Message</NAME>
     <MAX_LENGTH>220</MAX_LENGTH>
     <EDM_CORE_TYPE>Edm.String</EDM_CORE_TYPE>
     <REF_TYPE>T</REF_TYPE>
     <ABAP_FIELD>MESSAGE</ABAP_FIELD>
     <AS_ETAG_XU>X</AS_ETAG_XU>
     <REQUIREFILTER_XU>X</REQUIREFILTER_XU>
     <UNIT_PROP_XU>X</UNIT_PROP_XU>
     <ABTY_XU>X</ABTY_XU>
     <SORT_ORDER>5</SORT_ORDER>
     <DESCRIPTION_XU>X</DESCRIPTION_XU>
    </_-IWBEP_-I_SBO_PR>
    <_-IWBEP_-I_SBO_PR>
     <PROJECT>ZAP_DP_REQUEST_API</PROJECT>
     <NODE_UUID>i7a3ubu4Ht+Tn1CMUmQG7A==</NODE_UUID>
     <PARENT_UUID>i7a3ubu4Ht+S45+Y95KAOQ==</PARENT_UUID>
     <NAME>ConsumerKey</NAME>
     <MAX_LENGTH>32</MAX_LENGTH>
     <EDM_CORE_TYPE>Edm.String</EDM_CORE_TYPE>
     <REF_TYPE>T</REF_TYPE>
     <ABAP_FIELD>CONSUMER_KEY</ABAP_FIELD>
     <AS_ETAG_XU>X</AS_ETAG_XU>
     <REQUIREFILTER_XU>X</REQUIREFILTER_XU>
     <UNIT_PROP_XU>X</UNIT_PROP_XU>
     <ABTY_XU>X</ABTY_XU>
     <SORT_ORDER>1</SORT_ORDER>
     <DESCRIPTION_XU>X</DESCRIPTION_XU>
    </_-IWBEP_-I_SBO_PR>
   </_-IWBEP_-I_SBO_PR>
   <_-IWBEP_-I_SBO_PRT>
    <_-IWBEP_-I_SBO_PRT>
     <SYLANGU>E</SYLANGU>
     <PROJECT>ZAP_DP_REQUEST_API</PROJECT>
     <NODE_UUID>i7a3ubu4Ht+S45+Y95KgOQ==</NODE_UUID>
     <PROP_LABEL>Transaction ID</PROP_LABEL>
    </_-IWBEP_-I_SBO_PRT>
    <_-IWBEP_-I_SBO_PRT>
     <SYLANGU>E</SYLANGU>
     <PROJECT>ZAP_DP_REQUEST_API</PROJECT>
     <NODE_UUID>i7a3ubu4Ht+S45+Y95LAOQ==</NODE_UUID>
     <PROP_LABEL>Amount</PROP_LABEL>
    </_-IWBEP_-I_SBO_PRT>
    <_-IWBEP_-I_SBO_PRT>
     <SYLANGU>E</SYLANGU>
     <PROJECT>ZAP_DP_REQUEST_API</PROJECT>
     <NODE_UUID>i7a3ubu4Ht+S45+Y95LgOQ==</NODE_UUID>
     <PROP_LABEL>Currency</PROP_LABEL>
    </_-IWBEP_-I_SBO_PRT>
    <_-IWBEP_-I_SBO_PRT>
     <SYLANGU>E</SYLANGU>
     <PROJECT>ZAP_DP_REQUEST_API</PROJECT>
     <NODE_UUID>i7a3ubu4Ht+S45+Y95MAOQ==</NODE_UUID>
     <PROP_LABEL>Customer email</PROP_LABEL>
    </_-IWBEP_-I_SBO_PRT>
    <_-IWBEP_-I_SBO_PRT>
     <SYLANGU>E</SYLANGU>
     <PROJECT>ZAP_DP_REQUEST_API</PROJECT>
     <NODE_UUID>i7a3ubu4Ht+S45+Y95MgOQ==</NODE_UUID>
     <PROP_LABEL>Narration</PROP_LABEL>
    </_-IWBEP_-I_SBO_PRT>
    <_-IWBEP_-I_SBO_PRT>
     <SYLANGU>E</SYLANGU>
     <PROJECT>ZAP_DP_REQUEST_API</PROJECT>
     <NODE_UUID>i7a3ubu4Ht+S45+Y95NAOQ==</NODE_UUID>
     <PROP_LABEL>Bank Name</PROP_LABEL>
    </_-IWBEP_-I_SBO_PRT>
    <_-IWBEP_-I_SBO_PRT>
     <SYLANGU>E</SYLANGU>
     <PROJECT>ZAP_DP_REQUEST_API</PROJECT>
     <NODE_UUID>i7a3ubu4Ht+S45+Y95NgOQ==</NODE_UUID>
     <PROP_LABEL>Receiver account</PROP_LABEL>
    </_-IWBEP_-I_SBO_PRT>
    <_-IWBEP_-I_SBO_PRT>
     <SYLANGU>E</SYLANGU>
     <PROJECT>ZAP_DP_REQUEST_API</PROJECT>
     <NODE_UUID>i7a3ubu4Ht+S45+Y95OAOQ==</NODE_UUID>
     <PROP_LABEL>Customer code</PROP_LABEL>
    </_-IWBEP_-I_SBO_PRT>
    <_-IWBEP_-I_SBO_PRT>
     <SYLANGU>E</SYLANGU>
     <PROJECT>ZAP_DP_REQUEST_API</PROJECT>
     <NODE_UUID>i7a3ubu4Ht+S45+Y95OgOQ==</NODE_UUID>
     <PROP_LABEL>Transaction Reference</PROP_LABEL>
    </_-IWBEP_-I_SBO_PRT>
    <_-IWBEP_-I_SBO_PRT>
     <SYLANGU>E</SYLANGU>
     <PROJECT>ZAP_DP_REQUEST_API</PROJECT>
     <NODE_UUID>i7a3ubu4Ht+S45+Y95PAOQ==</NODE_UUID>
     <PROP_LABEL>Time Stamp</PROP_LABEL>
    </_-IWBEP_-I_SBO_PRT>
    <_-IWBEP_-I_SBO_PRT>
     <SYLANGU>E</SYLANGU>
     <PROJECT>ZAP_DP_REQUEST_API</PROJECT>
     <NODE_UUID>i7a3ubu4Ht+S5PAMTCdAUw==</NODE_UUID>
     <PROP_LABEL>Document Number</PROP_LABEL>
    </_-IWBEP_-I_SBO_PRT>
    <_-IWBEP_-I_SBO_PRT>
     <SYLANGU>E</SYLANGU>
     <PROJECT>ZAP_DP_REQUEST_API</PROJECT>
     <NODE_UUID>i7a3ubu4Ht+S5PAMTCdgUw==</NODE_UUID>
     <PROP_LABEL>Company Code</PROP_LABEL>
    </_-IWBEP_-I_SBO_PRT>
    <_-IWBEP_-I_SBO_PRT>
     <SYLANGU>E</SYLANGU>
     <PROJECT>ZAP_DP_REQUEST_API</PROJECT>
     <NODE_UUID>i7a3ubu4Ht+S5PAMTCeAUw==</NODE_UUID>
     <PROP_LABEL>Fiscal Year</PROP_LABEL>
    </_-IWBEP_-I_SBO_PRT>
    <_-IWBEP_-I_SBO_PRT>
     <SYLANGU>E</SYLANGU>
     <PROJECT>ZAP_DP_REQUEST_API</PROJECT>
     <NODE_UUID>i7a3ubu4Ht+S5QFBqcbgVA==</NODE_UUID>
     <PROP_LABEL>Transaction ID</PROP_LABEL>
    </_-IWBEP_-I_SBO_PRT>
    <_-IWBEP_-I_SBO_PRT>
     <SYLANGU>E</SYLANGU>
     <PROJECT>ZAP_DP_REQUEST_API</PROJECT>
     <NODE_UUID>i7a3ubu4Ht+S5QFBqccAVA==</NODE_UUID>
     <PROP_LABEL>Message Type</PROP_LABEL>
    </_-IWBEP_-I_SBO_PRT>
    <_-IWBEP_-I_SBO_PRT>
     <SYLANGU>E</SYLANGU>
     <PROJECT>ZAP_DP_REQUEST_API</PROJECT>
     <NODE_UUID>i7a3ubu4Ht+S5QFBqccgVA==</NODE_UUID>
     <PROP_LABEL>Message Class</PROP_LABEL>
    </_-IWBEP_-I_SBO_PRT>
    <_-IWBEP_-I_SBO_PRT>
     <SYLANGU>E</SYLANGU>
     <PROJECT>ZAP_DP_REQUEST_API</PROJECT>
     <NODE_UUID>i7a3ubu4Ht+S5QFBqcdAVA==</NODE_UUID>
     <PROP_LABEL>Message number</PROP_LABEL>
    </_-IWBEP_-I_SBO_PRT>
    <_-IWBEP_-I_SBO_PRT>
     <SYLANGU>E</SYLANGU>
     <PROJECT>ZAP_DP_REQUEST_API</PROJECT>
     <NODE_UUID>i7a3ubu4Ht+S5QFBqcdgVA==</NODE_UUID>
     <PROP_LABEL>Message text</PROP_LABEL>
    </_-IWBEP_-I_SBO_PRT>
    <_-IWBEP_-I_SBO_PRT>
     <SYLANGU>E</SYLANGU>
     <PROJECT>ZAP_DP_REQUEST_API</PROJECT>
     <NODE_UUID>i7a3ubu4Ht+Tn1CMUmQG7A==</NODE_UUID>
     <PROP_LABEL>Consumer key</PROP_LABEL>
    </_-IWBEP_-I_SBO_PRT>
   </_-IWBEP_-I_SBO_PRT>
   <_-IWBEP_-I_SBO_RC>
    <_-IWBEP_-I_SBO_RC>
     <PROJECT>ZAP_DP_REQUEST_API</PROJECT>
     <NODE_UUID>i7a3ubu4Ht+S5QwZhrIAVA==</NODE_UUID>
     <NAME>Id</NAME>
     <DEPENDENT_PROP_R>i7a3ubu4Ht+S5QFBqcbgVA==</DEPENDENT_PROP_R>
     <PRINCIPAL_PROP_R>i7a3ubu4Ht+S45+Y95KgOQ==</PRINCIPAL_PROP_R>
     <PRINCIPAL_ROLE>i7a3ubu4Ht+S45+Y95KAOQ==</PRINCIPAL_ROLE>
     <DEPENDENT_ROLE>i7a3ubu4Ht+S5QFBqcbAVA==</DEPENDENT_ROLE>
     <ASSOCIATION_GUID>i7a3ubu4Ht+S5QwZhrHAVA==</ASSOCIATION_GUID>
     <REF_TYPE>T</REF_TYPE>
     <TXTR_XU>X</TXTR_XU>
     <DESCRIPTION_XU>X</DESCRIPTION_XU>
     <REFC_LABEL_XU>X</REFC_LABEL_XU>
    </_-IWBEP_-I_SBO_RC>
   </_-IWBEP_-I_SBO_RC>
   <_-IWBEP_-I_SBO_RCT>
    <_-IWBEP_-I_SBO_RCT>
     <SYLANGU>E</SYLANGU>
     <PROJECT>ZAP_DP_REQUEST_API</PROJECT>
     <NODE_UUID>i7a3ubu4Ht+S5QwZhrIAVA==</NODE_UUID>
    </_-IWBEP_-I_SBO_RCT>
   </_-IWBEP_-I_SBO_RCT>
  </asx:values>
 </asx:abap>
</abapGit>
