﻿<?xml version="1.0" encoding="utf-8"?>
<abapGit version="v1.0.0" serializer="LCL_OBJECT_CLAS" serializer_version="v1.0.0">
 <asx:abap xmlns:asx="http://www.sap.com/abapxml" version="1.0">
  <asx:values>
   <VSEOCLASS>
    <CLSNAME>ZCL_FI_DP_REQUEST</CLSNAME>
    <LANGU>E</LANGU>
    <DESCRIPT>Down Payment</DESCRIPT>
    <STATE>1</STATE>
    <CLSCCINCL>X</CLSCCINCL>
    <FIXPT>X</FIXPT>
    <UNICODE>X</UNICODE>
   </VSEOCLASS>
   <DESCRIPTIONS>
    <SEOCOMPOTX>
     <CLSNAME>ZCL_FI_DP_REQUEST</CLSNAME>
     <CMPNAME>AS_BAPI_ACC</CMPNAME>
     <LANGU>E</LANGU>
     <DESCRIPT>BAPI Interface</DESCRIPT>
    </SEOCOMPOTX>
    <SEOCOMPOTX>
     <CLSNAME>ZCL_FI_DP_REQUEST</CLSNAME>
     <CMPNAME>AS_DP_API_REQ</CMPNAME>
     <LANGU>E</LANGU>
     <DESCRIPT>DP Request</DESCRIPT>
    </SEOCOMPOTX>
    <SEOCOMPOTX>
     <CLSNAME>ZCL_FI_DP_REQUEST</CLSNAME>
     <CMPNAME>AS_DP_REQ</CMPNAME>
     <LANGU>E</LANGU>
     <DESCRIPT>Table type for ZFI_DP_API_REQ</DESCRIPT>
    </SEOCOMPOTX>
    <SEOCOMPOTX>
     <CLSNAME>ZCL_FI_DP_REQUEST</CLSNAME>
     <CMPNAME>AT_DP_API_RES</CMPNAME>
     <LANGU>E</LANGU>
     <DESCRIPT>Return log</DESCRIPT>
    </SEOCOMPOTX>
    <SEOCOMPOTX>
     <CLSNAME>ZCL_FI_DP_REQUEST</CLSNAME>
     <CMPNAME>AT_DP_LOG</CMPNAME>
     <LANGU>E</LANGU>
     <DESCRIPT>Table type for ZFI_DP_API_LOG</DESCRIPT>
    </SEOCOMPOTX>
    <SEOCOMPOTX>
     <CLSNAME>ZCL_FI_DP_REQUEST</CLSNAME>
     <CMPNAME>AT_MSG</CMPNAME>
     <LANGU>E</LANGU>
     <DESCRIPT>Return parameter table</DESCRIPT>
    </SEOCOMPOTX>
    <SEOCOMPOTX>
     <CLSNAME>ZCL_FI_DP_REQUEST</CLSNAME>
     <CMPNAME>CALL_ACC_POST_BAPI</CMPNAME>
     <LANGU>E</LANGU>
     <DESCRIPT>Call ACC Post document BAPI</DESCRIPT>
    </SEOCOMPOTX>
    <SEOCOMPOTX>
     <CLSNAME>ZCL_FI_DP_REQUEST</CLSNAME>
     <CMPNAME>CONSTRUCTOR</CMPNAME>
     <LANGU>E</LANGU>
     <DESCRIPT>Constructuor</DESCRIPT>
    </SEOCOMPOTX>
    <SEOCOMPOTX>
     <CLSNAME>ZCL_FI_DP_REQUEST</CLSNAME>
     <CMPNAME>CONVERT_API_REQ_TO_BAPI</CMPNAME>
     <LANGU>E</LANGU>
     <DESCRIPT>Convert API Request to BAPI</DESCRIPT>
    </SEOCOMPOTX>
    <SEOCOMPOTX>
     <CLSNAME>ZCL_FI_DP_REQUEST</CLSNAME>
     <CMPNAME>CONVERT_BAPI_LOG_TO_API_RES</CMPNAME>
     <LANGU>E</LANGU>
     <DESCRIPT>Convert BAPI Log to API Response</DESCRIPT>
    </SEOCOMPOTX>
    <SEOCOMPOTX>
     <CLSNAME>ZCL_FI_DP_REQUEST</CLSNAME>
     <CMPNAME>CONVERT_SYMSG_TO_BAPIMSG</CMPNAME>
     <LANGU>E</LANGU>
     <DESCRIPT>Convert system message to bapi message</DESCRIPT>
    </SEOCOMPOTX>
    <SEOCOMPOTX>
     <CLSNAME>ZCL_FI_DP_REQUEST</CLSNAME>
     <CMPNAME>CREATE_DP_REQUEST</CMPNAME>
     <LANGU>E</LANGU>
     <DESCRIPT>Create DP Request</DESCRIPT>
    </SEOCOMPOTX>
    <SEOCOMPOTX>
     <CLSNAME>ZCL_FI_DP_REQUEST</CLSNAME>
     <CMPNAME>GET_BANK_ACCOUNT_GL</CMPNAME>
     <LANGU>E</LANGU>
     <DESCRIPT>Get Bank account GL</DESCRIPT>
    </SEOCOMPOTX>
    <SEOCOMPOTX>
     <CLSNAME>ZCL_FI_DP_REQUEST</CLSNAME>
     <CMPNAME>GET_CUSTOMER_DATA</CMPNAME>
     <LANGU>E</LANGU>
     <DESCRIPT>Get customer data</DESCRIPT>
    </SEOCOMPOTX>
    <SEOCOMPOTX>
     <CLSNAME>ZCL_FI_DP_REQUEST</CLSNAME>
     <CMPNAME>GET_CUSTOMER_EMAIL</CMPNAME>
     <LANGU>E</LANGU>
     <DESCRIPT>Get customer email</DESCRIPT>
    </SEOCOMPOTX>
    <SEOCOMPOTX>
     <CLSNAME>ZCL_FI_DP_REQUEST</CLSNAME>
     <CMPNAME>GET_DP_LOG</CMPNAME>
     <LANGU>E</LANGU>
     <DESCRIPT>Get DP Log</DESCRIPT>
    </SEOCOMPOTX>
    <SEOCOMPOTX>
     <CLSNAME>ZCL_FI_DP_REQUEST</CLSNAME>
     <CMPNAME>GET_DP_REQUEST</CMPNAME>
     <LANGU>E</LANGU>
     <DESCRIPT>Get DP Request</DESCRIPT>
    </SEOCOMPOTX>
    <SEOCOMPOTX>
     <CLSNAME>ZCL_FI_DP_REQUEST</CLSNAME>
     <CMPNAME>POST_DP_REQUEST</CMPNAME>
     <LANGU>E</LANGU>
     <DESCRIPT>Post DP Request</DESCRIPT>
    </SEOCOMPOTX>
    <SEOCOMPOTX>
     <CLSNAME>ZCL_FI_DP_REQUEST</CLSNAME>
     <CMPNAME>SAVE_DP_LOG</CMPNAME>
     <LANGU>E</LANGU>
     <DESCRIPT>Save DP Log</DESCRIPT>
    </SEOCOMPOTX>
    <SEOCOMPOTX>
     <CLSNAME>ZCL_FI_DP_REQUEST</CLSNAME>
     <CMPNAME>SEND_NOTIFICATION</CMPNAME>
     <LANGU>E</LANGU>
     <DESCRIPT>Send notification</DESCRIPT>
    </SEOCOMPOTX>
    <SEOCOMPOTX>
     <CLSNAME>ZCL_FI_DP_REQUEST</CLSNAME>
     <CMPNAME>SIMULATE_DP_REQUEST</CMPNAME>
     <LANGU>E</LANGU>
     <DESCRIPT>Simulate DP Request</DESCRIPT>
    </SEOCOMPOTX>
    <SEOCOMPOTX>
     <CLSNAME>ZCL_FI_DP_REQUEST</CLSNAME>
     <CMPNAME>S_BAPI_ACC</CMPNAME>
     <LANGU>E</LANGU>
     <DESCRIPT>BAPI Interface</DESCRIPT>
    </SEOCOMPOTX>
   </DESCRIPTIONS>
  </asx:values>
 </asx:abap>
</abapGit>
