﻿<?xml version="1.0" encoding="utf-8"?>
<abapGit version="v1.0.0" serializer="LCL_OBJECT_TABL" serializer_version="v1.0.0">
 <asx:abap xmlns:asx="http://www.sap.com/abapxml" version="1.0">
  <asx:values>
   <DD02V>
    <TABNAME>ZFI_DP_C_AMT</TABNAME>
    <DDLANGUAGE>E</DDLANGUAGE>
    <TABCLASS>TRANSP</TABCLASS>
    <CLIDEP>X</CLIDEP>
    <DDTEXT>Duty Stamp Threshold</DDTEXT>
    <MAINFLAG>X</MAINFLAG>
    <CONTFLAG>A</CONTFLAG>
    <EXCLASS>3</EXCLASS>
   </DD02V>
   <DD09L>
    <TABNAME>ZFI_DP_C_AMT</TABNAME>
    <AS4LOCAL>A</AS4LOCAL>
    <TABKAT>0</TABKAT>
    <TABART>APPL0</TABART>
    <PROTOKOLL>X</PROTOKOLL>
    <BUFALLOW>N</BUFALLOW>
   </DD09L>
   <DD03P_TABLE>
    <DD03P>
     <FIELDNAME>MANDT</FIELDNAME>
     <KEYFLAG>X</KEYFLAG>
     <ROLLNAME>MANDT</ROLLNAME>
     <ADMINFIELD>0</ADMINFIELD>
     <NOTNULL>X</NOTNULL>
     <COMPTYPE>E</COMPTYPE>
    </DD03P>
    <DD03P>
     <FIELDNAME>BUKRS</FIELDNAME>
     <KEYFLAG>X</KEYFLAG>
     <ROLLNAME>BUKRS</ROLLNAME>
     <CHECKTABLE>T001</CHECKTABLE>
     <ADMINFIELD>0</ADMINFIELD>
     <NOTNULL>X</NOTNULL>
     <SHLPORIGIN>P</SHLPORIGIN>
     <SHLPNAME>C_T001</SHLPNAME>
     <SHLPFIELD>BUKRS</SHLPFIELD>
     <COMPTYPE>E</COMPTYPE>
    </DD03P>
    <DD03P>
     <FIELDNAME>WAERS</FIELDNAME>
     <KEYFLAG>X</KEYFLAG>
     <ROLLNAME>WAERS</ROLLNAME>
     <CHECKTABLE>TCURC</CHECKTABLE>
     <ADMINFIELD>0</ADMINFIELD>
     <NOTNULL>X</NOTNULL>
     <SHLPORIGIN>P</SHLPORIGIN>
     <COMPTYPE>E</COMPTYPE>
    </DD03P>
    <DD03P>
     <FIELDNAME>DMBTR</FIELDNAME>
     <ROLLNAME>DMBTR</ROLLNAME>
     <ADMINFIELD>0</ADMINFIELD>
     <REFTABLE>ZFI_DP_C_AMT</REFTABLE>
     <REFFIELD>WAERS</REFFIELD>
     <COMPTYPE>E</COMPTYPE>
    </DD03P>
    <DD03P>
     <FIELDNAME>STATUS</FIELDNAME>
     <ROLLNAME>AIN_EPC_ACTIVE_IND</ROLLNAME>
     <ADMINFIELD>0</ADMINFIELD>
     <VALEXI>X</VALEXI>
     <SHLPORIGIN>F</SHLPORIGIN>
     <COMPTYPE>E</COMPTYPE>
    </DD03P>
   </DD03P_TABLE>
   <DD05M_TABLE>
    <DD05M>
     <FIELDNAME>BUKRS</FIELDNAME>
     <FORTABLE>ZFI_DP_C_AMT</FORTABLE>
     <FORKEY>MANDT</FORKEY>
     <CHECKTABLE>T001</CHECKTABLE>
     <CHECKFIELD>MANDT</CHECKFIELD>
     <PRIMPOS>0001</PRIMPOS>
     <DOMNAME>MANDT</DOMNAME>
     <DATATYPE>CLNT</DATATYPE>
    </DD05M>
    <DD05M>
     <FIELDNAME>BUKRS</FIELDNAME>
     <FORTABLE>ZFI_DP_C_AMT</FORTABLE>
     <FORKEY>BUKRS</FORKEY>
     <CHECKTABLE>T001</CHECKTABLE>
     <CHECKFIELD>BUKRS</CHECKFIELD>
     <PRIMPOS>0002</PRIMPOS>
     <DOMNAME>BUKRS</DOMNAME>
     <DATATYPE>CHAR</DATATYPE>
    </DD05M>
    <DD05M>
     <FIELDNAME>WAERS</FIELDNAME>
     <FORTABLE>ZFI_DP_C_AMT</FORTABLE>
     <FORKEY>MANDT</FORKEY>
     <CHECKTABLE>TCURC</CHECKTABLE>
     <CHECKFIELD>MANDT</CHECKFIELD>
     <PRIMPOS>0001</PRIMPOS>
     <DOMNAME>MANDT</DOMNAME>
     <DATATYPE>CLNT</DATATYPE>
    </DD05M>
    <DD05M>
     <FIELDNAME>WAERS</FIELDNAME>
     <FORTABLE>ZFI_DP_C_AMT</FORTABLE>
     <FORKEY>WAERS</FORKEY>
     <CHECKTABLE>TCURC</CHECKTABLE>
     <CHECKFIELD>WAERS</CHECKFIELD>
     <PRIMPOS>0002</PRIMPOS>
     <DOMNAME>WAERS</DOMNAME>
     <DATATYPE>CUKY</DATATYPE>
    </DD05M>
   </DD05M_TABLE>
   <DD08V_TABLE>
    <DD08V>
     <FIELDNAME>BUKRS</FIELDNAME>
     <CHECKTABLE>T001</CHECKTABLE>
    </DD08V>
    <DD08V>
     <FIELDNAME>WAERS</FIELDNAME>
     <CHECKTABLE>TCURC</CHECKTABLE>
    </DD08V>
   </DD08V_TABLE>
   <TABL_EXTRAS>
    <TDDAT>
     <TABNAME>ZFI_DP_C_AMT</TABNAME>
     <CCLASS>&amp;NC&amp;</CCLASS>
    </TDDAT>
   </TABL_EXTRAS>
  </asx:values>
 </asx:abap>
</abapGit>
