﻿<?xml version="1.0" encoding="utf-8"?>
<abapGit version="v1.0.0" serializer="LCL_OBJECT_TABL" serializer_version="v1.0.0">
 <asx:abap xmlns:asx="http://www.sap.com/abapxml" version="1.0">
  <asx:values>
   <DD02V>
    <TABNAME>ZFI_DP_C_INC</TABNAME>
    <DDLANGUAGE>E</DDLANGUAGE>
    <TABCLASS>TRANSP</TABCLASS>
    <CLIDEP>X</CLIDEP>
    <DDTEXT>Incoming Payment GL</DDTEXT>
    <MAINFLAG>X</MAINFLAG>
    <CONTFLAG>A</CONTFLAG>
    <EXCLASS>3</EXCLASS>
   </DD02V>
   <DD09L>
    <TABNAME>ZFI_DP_C_INC</TABNAME>
    <AS4LOCAL>A</AS4LOCAL>
    <TABKAT>0</TABKAT>
    <TABART>APPL0</TABART>
    <PROTOKOLL>X</PROTOKOLL>
    <BUFALLOW>N</BUFALLOW>
   </DD09L>
   <DD03P_TABLE>
    <DD03P>
     <FIELDNAME>MANDT</FIELDNAME>
     <KEYFLAG>X</KEYFLAG>
     <ROLLNAME>MANDT</ROLLNAME>
     <ADMINFIELD>0</ADMINFIELD>
     <NOTNULL>X</NOTNULL>
     <COMPTYPE>E</COMPTYPE>
    </DD03P>
    <DD03P>
     <FIELDNAME>HKONT</FIELDNAME>
     <KEYFLAG>X</KEYFLAG>
     <ROLLNAME>HKONT</ROLLNAME>
     <CHECKTABLE>SKA1</CHECKTABLE>
     <ADMINFIELD>0</ADMINFIELD>
     <NOTNULL>X</NOTNULL>
     <SHLPORIGIN>P</SHLPORIGIN>
     <COMPTYPE>E</COMPTYPE>
    </DD03P>
    <DD03P>
     <FIELDNAME>INC_HKONT</FIELDNAME>
     <ROLLNAME>ZFI_INC_HKONT</ROLLNAME>
     <CHECKTABLE>SKA1</CHECKTABLE>
     <ADMINFIELD>0</ADMINFIELD>
     <SHLPORIGIN>P</SHLPORIGIN>
     <COMPTYPE>E</COMPTYPE>
    </DD03P>
    <DD03P>
     <FIELDNAME>STATUS</FIELDNAME>
     <ROLLNAME>AIN_EPC_ACTIVE_IND</ROLLNAME>
     <ADMINFIELD>0</ADMINFIELD>
     <VALEXI>X</VALEXI>
     <SHLPORIGIN>F</SHLPORIGIN>
     <COMPTYPE>E</COMPTYPE>
    </DD03P>
   </DD03P_TABLE>
   <DD05M_TABLE>
    <DD05M>
     <FIELDNAME>HKONT</FIELDNAME>
     <FORTABLE>ZFI_DP_C_INC</FORTABLE>
     <FORKEY>MANDT</FORKEY>
     <CHECKTABLE>SKA1</CHECKTABLE>
     <CHECKFIELD>MANDT</CHECKFIELD>
     <PRIMPOS>0001</PRIMPOS>
     <DOMNAME>MANDT</DOMNAME>
     <DATATYPE>CLNT</DATATYPE>
    </DD05M>
    <DD05M>
     <FIELDNAME>HKONT</FIELDNAME>
     <FORTABLE>*</FORTABLE>
     <CHECKTABLE>SKA1</CHECKTABLE>
     <CHECKFIELD>KTOPL</CHECKFIELD>
     <PRIMPOS>0002</PRIMPOS>
     <DOMNAME>KTOPL</DOMNAME>
     <DATATYPE>CHAR</DATATYPE>
    </DD05M>
    <DD05M>
     <FIELDNAME>HKONT</FIELDNAME>
     <FORTABLE>ZFI_DP_C_INC</FORTABLE>
     <FORKEY>HKONT</FORKEY>
     <CHECKTABLE>SKA1</CHECKTABLE>
     <CHECKFIELD>SAKNR</CHECKFIELD>
     <PRIMPOS>0003</PRIMPOS>
     <DOMNAME>SAKNR</DOMNAME>
     <DATATYPE>CHAR</DATATYPE>
    </DD05M>
    <DD05M>
     <FIELDNAME>INC_HKONT</FIELDNAME>
     <FORTABLE>ZFI_DP_C_INC</FORTABLE>
     <FORKEY>MANDT</FORKEY>
     <CHECKTABLE>SKA1</CHECKTABLE>
     <CHECKFIELD>MANDT</CHECKFIELD>
     <PRIMPOS>0001</PRIMPOS>
     <DOMNAME>MANDT</DOMNAME>
     <DATATYPE>CLNT</DATATYPE>
    </DD05M>
    <DD05M>
     <FIELDNAME>INC_HKONT</FIELDNAME>
     <FORTABLE>*</FORTABLE>
     <CHECKTABLE>SKA1</CHECKTABLE>
     <CHECKFIELD>KTOPL</CHECKFIELD>
     <PRIMPOS>0002</PRIMPOS>
     <DOMNAME>KTOPL</DOMNAME>
     <DATATYPE>CHAR</DATATYPE>
    </DD05M>
    <DD05M>
     <FIELDNAME>INC_HKONT</FIELDNAME>
     <FORTABLE>ZFI_DP_C_INC</FORTABLE>
     <FORKEY>INC_HKONT</FORKEY>
     <CHECKTABLE>SKA1</CHECKTABLE>
     <CHECKFIELD>SAKNR</CHECKFIELD>
     <PRIMPOS>0003</PRIMPOS>
     <DOMNAME>SAKNR</DOMNAME>
     <DATATYPE>CHAR</DATATYPE>
    </DD05M>
   </DD05M_TABLE>
   <DD08V_TABLE>
    <DD08V>
     <FIELDNAME>HKONT</FIELDNAME>
     <CHECKTABLE>SKA1</CHECKTABLE>
     <CLASFIELD>*</CLASFIELD>
    </DD08V>
    <DD08V>
     <FIELDNAME>INC_HKONT</FIELDNAME>
     <CHECKTABLE>SKA1</CHECKTABLE>
     <CLASFIELD>*</CLASFIELD>
    </DD08V>
   </DD08V_TABLE>
   <TABL_EXTRAS>
    <TDDAT>
     <TABNAME>ZFI_DP_C_INC</TABNAME>
     <CCLASS>&amp;NC&amp;</CCLASS>
    </TDDAT>
   </TABL_EXTRAS>
  </asx:values>
 </asx:abap>
</abapGit>
