﻿<?xml version="1.0" encoding="utf-8"?>
<abapGit version="v1.0.0" serializer="LCL_OBJECT_DTEL" serializer_version="v1.0.0">
 <asx:abap xmlns:asx="http://www.sap.com/abapxml" version="1.0">
  <asx:values>
   <DD04V>
    <ROLLNAME>ZFI_CONS_KEY</ROLLNAME>
    <DDLANGUAGE>E</DDLANGUAGE>
    <DOMNAME>SYSUUID_C32</DOMNAME>
    <HEADLEN>32</HEADLEN>
    <SCRLEN1>10</SCRLEN1>
    <SCRLEN2>20</SCRLEN2>
    <SCRLEN3>40</SCRLEN3>
    <DDTEXT>Consumer key</DDTEXT>
    <REPTEXT>Consumer key</REPTEXT>
    <SCRTEXT_S>Consumer</SCRTEXT_S>
    <SCRTEXT_M>Consumer key</SCRTEXT_M>
    <SCRTEXT_L>Consumer key</SCRTEXT_L>
    <DTELMASTER>E</DTELMASTER>
    <REFKIND>D</REFKIND>
   </DD04V>
  </asx:values>
 </asx:abap>
</abapGit>
