﻿<?xml version="1.0" encoding="utf-8"?>
<abapGit version="v1.0.0" serializer="LCL_OBJECT_MSAG" serializer_version="v1.0.0">
 <asx:abap xmlns:asx="http://www.sap.com/abapxml" version="1.0">
  <asx:values>
   <T100A>
    <ARBGB>ZFI_DP</ARBGB>
    <MASTERLANG>E</MASTERLANG>
    <STEXT>Down payment messages</STEXT>
   </T100A>
   <T100>
    <T100>
     <SPRSL>E</SPRSL>
     <ARBGB>ZFI_DP</ARBGB>
     <MSGNR>000</MSGNR>
     <TEXT>Consumer key exists for &amp;1 &amp;2</TEXT>
    </T100>
    <T100>
     <SPRSL>E</SPRSL>
     <ARBGB>ZFI_DP</ARBGB>
     <MSGNR>001</MSGNR>
     <TEXT>User &amp;1 is not authorized</TEXT>
    </T100>
    <T100>
     <SPRSL>E</SPRSL>
     <ARBGB>ZFI_DP</ARBGB>
     <MSGNR>002</MSGNR>
     <TEXT>API Key &amp;1 generated for &amp;2</TEXT>
    </T100>
    <T100>
     <SPRSL>E</SPRSL>
     <ARBGB>ZFI_DP</ARBGB>
     <MSGNR>003</MSGNR>
     <TEXT>API Key &amp;1 does not exist</TEXT>
    </T100>
    <T100>
     <SPRSL>E</SPRSL>
     <ARBGB>ZFI_DP</ARBGB>
     <MSGNR>004</MSGNR>
     <TEXT>Down payment request with id &amp;1 already exist</TEXT>
    </T100>
    <T100>
     <SPRSL>E</SPRSL>
     <ARBGB>ZFI_DP</ARBGB>
     <MSGNR>005</MSGNR>
     <TEXT>No Tax Info record exist for document type DZ</TEXT>
    </T100>
    <T100>
     <SPRSL>E</SPRSL>
     <ARBGB>ZFI_DP</ARBGB>
     <MSGNR>006</MSGNR>
     <TEXT>No GL Account exists for receiver account &amp;1</TEXT>
    </T100>
    <T100>
     <SPRSL>E</SPRSL>
     <ARBGB>ZFI_DP</ARBGB>
     <MSGNR>007</MSGNR>
     <TEXT>SAP company code &amp;1 does not exist</TEXT>
    </T100>
    <T100>
     <SPRSL>E</SPRSL>
     <ARBGB>ZFI_DP</ARBGB>
     <MSGNR>008</MSGNR>
     <TEXT>Customer &amp;1 does not exist in compnay code &amp;2</TEXT>
    </T100>
    <T100>
     <SPRSL>E</SPRSL>
     <ARBGB>ZFI_DP</ARBGB>
     <MSGNR>009</MSGNR>
     <TEXT>Currency &amp;1 does not exist</TEXT>
    </T100>
    <T100>
     <SPRSL>E</SPRSL>
     <ARBGB>ZFI_DP</ARBGB>
     <MSGNR>010</MSGNR>
     <TEXT>&amp;1 &amp;2 &amp;3 &amp;4</TEXT>
    </T100>
    <T100>
     <SPRSL>E</SPRSL>
     <ARBGB>ZFI_DP</ARBGB>
     <MSGNR>011</MSGNR>
     <TEXT>&amp;1 &amp;2 &amp;3 &amp;4</TEXT>
    </T100>
    <T100>
     <SPRSL>E</SPRSL>
     <ARBGB>ZFI_DP</ARBGB>
     <MSGNR>012</MSGNR>
     <TEXT>&amp;1 &amp;2 &amp;3 &amp;4</TEXT>
    </T100>
    <T100>
     <SPRSL>E</SPRSL>
     <ARBGB>ZFI_DP</ARBGB>
     <MSGNR>013</MSGNR>
     <TEXT>&amp;1 &amp;2 &amp;3 &amp;4</TEXT>
    </T100>
    <T100>
     <SPRSL>E</SPRSL>
     <ARBGB>ZFI_DP</ARBGB>
     <MSGNR>014</MSGNR>
     <TEXT>No Deposit account found for &amp;1</TEXT>
    </T100>
    <T100>
     <SPRSL>E</SPRSL>
     <ARBGB>ZFI_DP</ARBGB>
     <MSGNR>015</MSGNR>
     <TEXT>No Stamp duty threshold configured for &amp;1</TEXT>
    </T100>
    <T100>
     <SPRSL>E</SPRSL>
     <ARBGB>ZFI_DP</ARBGB>
     <MSGNR>016</MSGNR>
     <TEXT>No email address found for customer &amp;1</TEXT>
    </T100>
    <T100>
     <SPRSL>E</SPRSL>
     <ARBGB>ZFI_DP</ARBGB>
     <MSGNR>017</MSGNR>
     <TEXT>Notification sent to customer email address</TEXT>
    </T100>
   </T100>
  </asx:values>
 </asx:abap>
</abapGit>
