﻿<?xml version="1.0" encoding="utf-8"?>
<abapGit version="v1.0.0" serializer="LCL_OBJECT_SUSO" serializer_version="v1.0.0">
 <asx:abap xmlns:asx="http://www.sap.com/abapxml" version="1.0">
  <asx:values>
   <TOBJ>
    <OBJCT>ZFI_BUKRS</OBJCT>
    <FIEL1>BUKRS</FIEL1>
    <OCLSS>ZAP</OCLSS>
   </TOBJ>
   <TOBJT>
    <LANGU>E</LANGU>
    <OBJECT>ZFI_BUKRS</OBJECT>
    <TTEXT>Company code</TTEXT>
   </TOBJT>
   <TOBJVORFLG>
    <OBJCT>ZFI_BUKRS</OBJCT>
   </TOBJVORFLG>
  </asx:values>
 </asx:abap>
</abapGit>
